id,Domain,Status,Attractiveness,Demand,Length,Registrar,Created,Expires
7a7e7ebf-3c4c-45e9-9220-83bd3879854f,clothing.app,available,68,76,8,,,
43555b3e-493f-48bc-8697-84fa4ec2a2b8,clothing.at,resell,68,76,8,EuroDNS SA ( https://nic.at/registrar/421 ),,
3d902642-1ba9-4901-82c4-6a12611452d9,clothing.dev,available,68,76,8,,,
7835145a-2af1-4ccf-bde3-9df80e6eaced,clothing.expert,available,68,76,8,,,
4062196f-8532-4a93-81bc-577f3f6db31f,clothing.io,resell,68,76,8,Dynadot Inc,06/06/2013 00:15,06/06/2026 00:15
feb0cc68-0be4-4002-99d8-2ed82d3a8b35,clothing.it,expiring,68,76,8,,30/01/1997 00:00,03/08/2025 00:00
92d605f0-0543-4d75-b107-7087923bc5e4,clothing.me,expiring,68,76,8,"GoDaddy.com, LLC",09/07/2008 17:02,09/07/2025 17:02
324e183a-3a2c-4380-bebb-8c3b35ff8116,clothing.online,available,68,76,8,,,
7b4a470f-46e7-4f08-8740-3dd68b74a448,clothing.site,available,68,76,8,,,
89bcce7d-3377-4e4d-9aab-7b4896147662,clothing.so,available,68,76,8,,,
ffa51dbd-8fdf-4cc4-bb5a-26530a644fef,clothing.space,available,68,76,8,,,
bc1eb3ca-60de-4982-bc8a-763e9e29c167,clothing.store,available,68,76,8,,,
9ef9079c-9c7b-49e0-b085-80457ab79e2c,clothing.tech,available,68,76,8,,,
68c4b3a6-10b6-4875-bebe-fcc138b02c07,clothing.us,resell,68,76,8,"GoDaddy.com, LLC",24/04/2002 14:01,23/04/2026 23:59
d7ac83b7-de6e-4fd2-9ab9-9220bd0cf8f3,clothing.zone,available,68,76,8,,,
605801b9-2aa9-4a97-ba49-d4f12aaa285a,apparel.at,resell,98,84,7,eu-iris.at web invest gmbh & co KG ( https://nic.at/registrar/679 ),,
bb99566c-7a98-417f-a6e5-e06c969c1311,apparel.dev,available,98,84,7,,,
a7f89270-be73-410e-899f-6ceb5729ab62,apparel.io,resell,98,84,7,"GoDaddy.com, LLC",25/01/2015 00:30,25/01/2026 00:30
1a553d14-8d86-48f3-b7c3-d0a5fffdf887,apparel.me,expiring,98,84,7,Dynadot Inc,17/07/2008 15:02,17/07/2025 15:02
65e4c315-f704-4f85-8769-449525db9c20,apparel.net,resell,98,84,7,Tirupati Domains and Hosting Pvt Ltd.,04/05/1995 04:00,05/05/2026 04:00
af991f65-b225-46c5-ac7b-1ec7dfc34d33,apparel.ninja,available,98,84,7,,,
055f129d-89bb-454a-8502-00846864bcd5,apparel.online,available,98,84,7,,,
bdf2104b-19f1-431f-b993-140c3422f2e0,apparel.site,available,98,84,7,,,
c785dd69-65f9-477d-b39a-14c5304f1331,apparel.so,available,98,84,7,,,
2cd1cd79-faad-4c62-ba63-6c1aac3edf19,apparel.space,available,98,84,7,,,
74891025-b6aa-4655-a824-4812d7dfb9e3,apparel.store,available,98,84,7,,,
318765cd-634f-4e8f-a6e7-8c40435ff72b,apparel.tech,available,98,84,7,,,
5d6bd641-db57-4147-940e-23785d3a05d2,apparel.xyz,sold,98,84,7,Dynadot LLC,30/05/2019 19:13,30/05/2029 23:59
9ae0d635-f3a4-41c7-9d10-2cf972c69d43,apparel.zone,resell,98,84,7,"GoDaddy.com, LLC",10/05/2014 07:08,10/05/2026 07:08
0a13738e-4ea9-4dba-b8fc-333fa20fb5ba,couture.app,expiring,71,96,7,Dynadot LLC.,26/07/2019 19:16,26/07/2025 19:16
01137fbc-df8d-49db-ae16-88aac077d5c9,couture.expert,available,71,96,7,,,
c7537ed1-e23a-4d62-895d-c7b26a9b8fe5,couture.gg,available,71,96,7,,,
805be806-1abf-4f38-8c53-04fd8cd3a5d2,couture.net,resell,71,96,7,Dynadot Inc,13/08/1997 04:00,12/08/2025 04:00
df3789fe-d761-47c6-9413-de29ba91e53b,couture.ninja,available,71,96,7,,,
189ee761-b572-4d2d-90fb-3c02740fb43e,couture.online,available,71,96,7,,,
3f55d54e-bd94-4b4f-9ed2-263192487532,couture.site,available,71,96,7,,,
8e19b0ef-4290-4907-a5c7-e9a0117e5114,couture.space,available,71,96,7,,,
c925c83a-4add-4b48-9b7c-aff85fa1fc8e,couture.store,available,71,96,7,,,
1edc0fa3-b76b-4761-aafb-c931a83cc49d,couture.xyz,resell,71,96,7,Dynadot LLC,08/11/2016 12:35,08/11/2030 23:59
7da50f73-7c50-4cd3-8da8-6a254a526e08,accessories.app,premium,42,80,11,,,
b3ed81dc-1a76-45b4-aa70-7bd837bf373f,accessories.at,premium,42,80,11,,,
9707d97c-260e-4890-ba6a-12a9c63a90db,accessories.cloud,premium,42,80,11,,,
b12a497c-448f-4a47-8d15-6928cb50347d,accessories.dev,premium,42,80,11,,,
217fe26c-8156-4271-9607-f48042ecc2a3,accessories.expert,available,42,80,11,,,
6a0d6536-1efa-4819-b1b7-5e84a84fb7cf,accessories.gg,available,42,80,11,,,
e4e77ee1-e889-4547-991c-242f0b4c898c,accessories.io,resell,42,80,11,101domain GRS Limited,31/08/2013 12:20,30/11/2025 00:30
0c53bce7-7391-427f-80f6-764dc3d7b3a4,accessories.ninja,available,42,80,11,,,
726d9e63-71c2-4481-b6e1-5824b2705527,accessories.online,premium,42,80,11,,,
cc59503f-7a36-49b0-b30f-d8bdee421cfb,accessories.org,resell,42,80,11,"NameSilo, LLC",08/05/2005 18:58,08/05/2028 18:58
2db680e0-a85c-463a-875d-85667d8003fe,accessories.site,premium,42,80,11,,,
554e8a82-b9b5-4638-8da2-396873e0ee68,accessories.so,available,42,80,11,,,
b22c9501-78d5-44fc-9118-3a0a56f88feb,accessories.space,premium,42,80,11,,,
7afddecc-6429-4750-81b3-9729d6d09de4,accessories.store,premium,42,80,11,,,
0e1bdfe7-4990-4bd5-819a-ae64a92887e6,accessories.tech,premium,42,80,11,,,
d40c3e03-3a79-4e22-8541-ad3679ee27aa,accessories.us,resell,42,80,11,"GoDaddy.com, LLC",24/04/2002 14:04,23/04/2026 23:59
60b9bb00-5de6-4887-9335-d52bcd2b8107,accessories.xyz,resell,42,80,11,"Go Daddy, LLC",02/06/2014 16:44,02/06/2026 23:59
c80e42c7-32b2-4037-a999-cc9aebebef6f,footwear.app,available,70,88,8,,,
666f6312-e1b6-4e75-8558-ff967a97ea0a,footwear.at,sold,70,88,8,DomainQuadrat Marketing GmbH ( https://nic.at/registrar/581 ),,
9585ffc1-152e-4935-af4e-d18f974c229b,footwear.cloud,available,70,88,8,,,
83d7616d-bf8d-41a8-a511-e2b40844dd15,footwear.dev,available,70,88,8,,,
109c8a7d-5588-4fc0-b987-bf447bae69dc,footwear.gg,available,70,88,8,,,
3b3127e4-843d-40cb-b97f-6e2c01ba7fe3,footwear.ninja,available,70,88,8,,,
edb44c55-9fcb-4e5a-88ad-c7675d960764,footwear.online,available,70,88,8,,,
8c320705-6c23-451a-aae7-18967fa3bcfa,footwear.site,available,70,88,8,,,
bb01cf9c-6861-4d89-ae93-d790e9ec08e8,footwear.so,available,70,88,8,,,
299f9935-14c6-4eb5-9e1a-a93d6f63c57c,footwear.space,available,70,88,8,,,
ce0198c0-cd77-4e29-8232-12f36f3de152,footwear.store,available,70,88,8,,,
58f5c6d5-2518-44c0-9323-745837fedf0a,footwear.tech,available,70,88,8,,,
45f4228d-5369-4c6f-ba82-5685ea55c370,footwear.zone,available,70,88,8,,,
5ea18380-b0eb-4244-935e-82785caf91cc,shoes.at,resell,80,84,5,InterNetX GmbH ( https://nic.at/registrar/80 ),,
d009b6c8-f530-4dc7-a26f-8b740d93e24a,shoes.dev,available,80,84,5,,,
430726c5-a39a-43ad-b01f-1df82a5870c5,shoes.it,expired,80,84,5,,04/06/1996 00:00,02/07/2025 00:00
1afd25a9-f657-4456-8f36-0a4432ca8534,shoes.online,available,80,84,5,,,
8bb7b3df-153f-47ec-b776-bdef472bbc2c,shoes.site,available,80,84,5,,,
a8876aaf-6899-43df-9c36-f1c3911a09c1,shoes.so,expired,80,84,5,1API,28/04/2011 00:00,28/04/2025 00:00
238fdc79-c50d-4acb-8ea7-d55dddcb2247,shoes.space,available,80,84,5,,,
e57e8783-1aac-4c0d-8450-b79228c41a9e,shoes.store,available,80,84,5,,,
28ae7a0c-81ca-494e-ad34-847cd1c12e33,shoes.tech,available,80,84,5,,,
16f76a88-0b9f-4193-ae74-7d17e1553f7b,shoes.us,resell,80,84,5,"GoDaddy.com, LLC",24/04/2002 14:01,23/04/2026 23:59
23516d68-00f7-4432-9e8b-d73a88458884,shoes.xyz,resell,80,84,5,"Go Daddy, LLC",20/03/2014 15:01,20/03/2032 23:59
b13daecb-927b-45c4-8c9c-33be20b0886b,shoes.zone,available,80,84,5,,,
9ebba6e3-ed08-4419-9796-1f500c5b8a14,sneakers.ai,resell,,60,8,"GoDaddy.com, LLC",16/12/2017 01:24,14/12/2025 01:24
b332f9e2-8b0e-471f-87a8-58f2feedd2f4,sneakers.at,available,,60,8,,,
007d17f2-8f5b-4773-af98-b94b219744de,sneakers.co,resell,,60,8,"GoDaddy.com, LLC",02/09/2010 13:01,01/09/2025 23:59
d5970c32-5ccf-4101-a164-ca2762afc3ca,sneakers.dev,available,,60,8,,,
57919c4b-c726-40b2-b94d-cd68b9fc1125,sneakers.expert,available,,60,8,,,
6eb33256-0090-4cef-890c-68c6d4c28452,sneakers.ninja,available,,60,8,,,
4f6cff9c-55cf-4e80-8a73-b9357cdbff05,sneakers.site,available,,60,8,,,
9069a82b-5ca1-46a8-83d0-7e218d23b151,sneakers.space,available,,60,8,,,
0995a2a3-db79-4789-85a8-75af43342823,sneakers.store,available,,60,8,,,
b950801b-a991-462f-b0b8-a94e0a4dcca9,sneakers.xyz,resell,,60,8,"Sea Wasp, LLC",02/06/2014 19:32,02/06/2026 23:59
7ea34f5e-8213-4552-86b9-ea2e37e17314,boots.app,available,60,76,5,,,
f4977560-30bb-4a3d-85fd-6cad53a3477b,boots.at,resell,60,76,5,InterNexum GmbH ( https://nic.at/registrar/710 ),,
394ee799-a973-44fc-a565-c6d29a2d0cf5,boots.cloud,available,60,76,5,,,
2c636474-f6d9-40e3-87f7-4c63aeb49205,boots.gg,available,60,76,5,,,
f0975986-e48d-4b1a-9b68-531b3e32b28c,boots.it,expired,60,76,5,,18/05/2004 00:00,07/07/2025 00:00
cc30619d-3bb1-4c7c-8741-28f175835874,boots.me,resell,60,76,5,"GoDaddy.com, LLC",17/07/2008 15:00,17/07/2026 15:00
fec52d0f-1bb5-4f70-b531-9a74b5dea5b8,boots.net,resell,60,76,5,"Network Solutions, LLC",22/12/1997 05:00,21/12/2025 05:00
cd6d2894-00d8-48ca-86c3-13cdcd60ece8,boots.ninja,available,60,76,5,,,
b355c855-862c-40b8-8e59-7b56f4362201,boots.online,available,60,76,5,,,
e25fa294-54e1-49b0-95c5-5be7be6847ec,boots.site,available,60,76,5,,,
7ccc851b-f1a6-47f8-8ff8-1210d51994e2,boots.so,available,60,76,5,,,
08cf4d83-7188-4cc9-9160-388dfd2dbe81,boots.space,available,60,76,5,,,
8239bfbf-2380-4ccd-b9bd-49689173f8be,boots.store,available,60,76,5,,,
358ddd2e-0a82-4684-bd23-fd7394f85945,boots.tech,available,60,76,5,,,
173ada44-7a95-4ce6-a723-eadce3409ff4,boots.us,resell,60,76,5,"GoDaddy.com, LLC",24/04/2002 14:08,23/04/2026 23:59
e9d50b38-642d-4e28-acb3-9c421968655e,sandals.app,available,,40,7,,,
bd476aaa-b4d7-480d-a68b-778f07667c32,sandals.cloud,available,,40,7,,,
6a12d983-946d-4ec1-9371-17486cce115c,sandals.dev,available,,40,7,,,
6f41a1b6-aa36-4042-a92b-699966777bd6,sandals.gg,available,,40,7,,,
6e1cc7d5-921b-4300-b586-bbf4f1f28a75,sandals.io,expiring,,40,7,"Sav.com, LLC",24/07/2017 21:48,24/07/2025 21:48
97f06742-459a-44a3-a5e8-8d82106b6b39,sandals.it,resell,,40,7,,15/03/2011 18:05,20/04/2026 00:00
3cdc908c-6d96-400b-9142-fada5e60bd4e,sandals.ninja,available,,40,7,,,
d67c01ee-cb08-46fe-b4fd-3b9f8fdce643,sandals.online,available,,40,7,,,
552e4d30-6954-4d5a-9494-ce8e9f454d18,sandals.pro,resell,,40,7,Epik LLC,14/09/2022 17:00,14/09/2025 17:00
6625e48d-a636-41e8-8550-7bdd0545dff8,sandals.site,available,,40,7,,,
e789487d-4edc-47fe-80de-b52324e77e6f,sandals.so,available,,40,7,,,
c6691e8e-9450-459e-b931-1ef28620e040,sandals.space,available,,40,7,,,
6b0e1fc7-395b-48d7-8c15-dd810d527a07,sandals.store,available,,40,7,,,
e985e70b-f0e4-4c56-925f-6d3e3c548e71,sandals.tech,available,,40,7,,,
b2507624-b99d-4847-9b02-290eb731a221,sandals.zone,available,,40,7,,,
d2e3e8a1-78aa-4124-8125-d1b7d57f83b8,flats.ai,resell,58,80,5,"GoDaddy.com, LLC",16/07/2023 08:38,16/07/2027 08:38
dc313efb-c89a-4776-888d-aac10d6b3d01,flats.app,resell,58,80,5,"GoDaddy.com, LLC",08/05/2018 22:18,08/05/2026 22:18
38d7c384-539d-48cb-a26e-e97dc4316fa1,flats.at,available,58,80,5,,,
b2a00bec-c080-4e66-9c5e-6fd56123f55f,flats.cloud,available,58,80,5,,,
b9c04540-b621-4916-a507-f004d1df9703,flats.dev,available,58,80,5,,,
89e4ff69-e1eb-49b2-8784-e4d07544d38a,flats.expert,available,58,80,5,,,
05e685e8-9158-4e6d-b310-e7ca6b21dabc,flats.gg,resell,58,80,5,1API (http://www.1api.net),,
60bd095e-de56-4fa0-b275-b7e1fb1eac07,flats.it,resell,58,80,5,,07/12/2009 11:50,13/12/2025 00:00
d9d6b682-da3d-4352-a0fd-e6bdca3956ec,flats.me,resell,58,80,5,"Wild West Domains, LLC",06/10/2010 21:54,06/10/2025 21:54
2f59f938-c2ac-49d0-be56-cdffb61c018f,flats.ninja,available,58,80,5,,,
629bc079-6b47-4f3c-bf15-182f68b19dc2,flats.online,available,58,80,5,,,
55d305fa-9fe7-4854-9642-cf8c16389122,flats.org,resell,58,80,5,"GoDaddy.com, LLC",20/03/2004 19:38,20/03/2026 19:38
c5221118-feda-4e93-bd05-6767a21b3d57,flats.site,available,58,80,5,,,
929462d4-5191-4d1c-be23-4659db79233a,flats.so,available,58,80,5,,,
2926d010-6514-4d67-bc0e-fd68d88778dd,flats.store,available,58,80,5,,,
416ae579-e9df-4daf-91e5-68065cf8c28e,flats.tech,available,58,80,5,,,
4257cb02-d536-4d69-878d-9141652089b3,flats.us,resell,58,80,5,Porkbun,24/04/2002 14:19,23/04/2026 23:59
06e4cabf-c5ab-4e1a-8dbf-c98d417f82a7,flats.xyz,available,58,80,5,,,
e0d7b5ff-cdfc-42fb-bb10-bfafba5fa3b8,flats.zone,available,58,80,5,,,
916a2ab5-e1fe-4882-86a5-78ad4a0137e6,handbags.app,available,70,80,8,,,
46915e3e-bf4c-4a82-944b-46c45ee42f10,handbags.at,available,70,80,8,,,
5541763d-63c6-465e-b10c-b4c1c21f70c8,handbags.cloud,expired,70,80,8,"Chengdu West Dimension Digital Technology Co., LTD",20/05/2024 02:50,20/05/2025 02:50
3e122ac9-daf6-4cb1-a716-d53aa8d20201,handbags.dev,available,70,80,8,,,
e8ce0387-982d-4d50-b870-31c271dc4c16,handbags.expert,available,70,80,8,,,
2ce0e979-2fe7-470d-98ee-22ea1729df42,handbags.gg,available,70,80,8,,,
6bf0904d-cf47-48cd-8d16-22985476c659,handbags.io,resell,70,80,8,Dynadot Inc,05/06/2013 20:14,05/06/2026 20:14
0d58517b-0e6b-4989-a50e-0e3beec0d836,handbags.it,resell,70,80,8,,25/02/2020 09:00,25/02/2026 00:00
e6609c0e-ff77-4d16-9468-98a1c077ef9a,handbags.ninja,available,70,80,8,,,
def4f58c-38c8-4032-b95b-2c0556d0534d,handbags.online,available,70,80,8,,,
8dfd205e-2d5a-4ca6-b0ea-0aba2bbc4107,handbags.pro,resell,70,80,8,"Sav.com, LLC - 35",14/10/2022 13:15,14/10/2025 13:15
56e89f7b-9d48-4571-a3f3-2c10877f0da8,handbags.site,available,70,80,8,,,
fbf6a846-297f-4a29-abdd-91411565c164,handbags.so,available,70,80,8,,,
1ac8ddcb-31d0-4532-a4d1-1864c2a0257b,handbags.space,available,70,80,8,,,
aeb0ec86-8486-49f6-b4ef-8ce553c6c85c,handbags.store,available,70,80,8,,,
fdab4ae4-af12-456c-a09d-c34f13c27b76,handbags.tech,available,70,80,8,,,
dd7d3f8d-0e97-4ded-a2e6-3ba3f293d8c3,handbags.zone,available,70,80,8,,,
6a1d4293-99ef-40fa-aa6b-fd9be132f070,jewelry.at,available,97,76,7,,,
9c4d6bcd-fced-4783-979c-ca2aab80f4d0,jewelry.co,resell,97,76,7,"GoDaddy.com, LLC",24/02/2010 22:57,23/02/2026 23:59
9276e863-be5e-44d9-b4e5-b1218c7104d3,jewelry.expert,available,97,76,7,,,
f202cc06-b055-4c51-943c-2928493116cf,jewelry.gg,available,97,76,7,,,
b910e335-28b9-4268-88fd-b4b38b6b50f5,jewelry.it,expired,97,76,7,,04/07/2022 16:00,04/07/2025 00:00
3e4b7f3b-5476-4b3d-93fa-53f86bb6daab,jewelry.me,resell,97,76,7,"GoDaddy.com, LLC",29/04/2008 18:00,29/04/2026 18:00
16eec619-38da-4a00-976a-9578864c4c6c,jewelry.online,available,97,76,7,,,
74da7919-3a89-4d1a-a1fa-355511667b0c,jewelry.site,available,97,76,7,,,
518acc6a-3069-410b-8451-eac3ca7a7686,jewelry.so,available,97,76,7,,,
a6c618a1-53e9-4d81-9293-585be6109d7f,jewelry.space,available,97,76,7,,,
14e1e6f3-b5e9-4015-b39b-56ea6188ffd0,jewelry.store,available,97,76,7,,,
8b43dcc7-e95f-4d23-8385-3d9077418c49,jewelry.tech,available,97,76,7,,,
cccc970b-4008-4394-a6cd-32cb3cd2aa10,jewelry.zone,available,97,76,7,,,
61ab5133-47c6-4b0c-860c-6cba588babaf,streetwear.at,available,,84,10,,,
885f7a23-860c-466b-bae4-2f27084632ad,streetwear.cloud,expired,,84,10,"Chengdu West Dimension Digital Technology Co., LTD",05/05/2024 01:24,05/05/2025 01:24
6ae8fee0-fdd5-4ad6-b8fe-1c5876790db4,streetwear.dev,available,,84,10,,,
3526b16e-5bb2-4cd8-83d2-613f6fa408ac,streetwear.expert,available,,84,10,,,
2f87d7b8-f282-4a67-bd26-36f8e6a09f56,streetwear.gg,available,,84,10,,,
6d5e3927-0672-4f9c-b5ca-bc82cf1c000d,streetwear.io,expiring,,84,10,"Sav.com, LLC",15/07/2024 16:16,15/07/2025 16:16
7e10be5f-4598-4d04-ac19-0e69abfb5311,streetwear.ninja,available,,84,10,,,
c1d61138-0db9-48c2-87d3-9cc1a47ed038,streetwear.pro,expiring,,84,10,Epik LLC,21/07/2023 17:00,21/07/2025 17:00
a817122b-7761-4963-b155-dafa14fae700,streetwear.site,expiring,,84,10,RegistryGate GmbH,15/07/2015 16:02,15/07/2025 23:59
365ebb25-70c9-4751-9d98-1b1d4d057473,streetwear.so,available,,84,10,,,
a0ba6953-0eaf-4d02-a207-aab14159f044,streetwear.space,expiring,,84,10,West263 International Limited,16/07/2024 11:14,16/07/2025 23:59
7eddab64-63a3-4cf5-8ce9-95c6b81c5881,streetwear.tech,available,,84,10,,,
a05fdfd5-2f4e-4d91-809f-e4f17437f7ed,streetwear.zone,available,,84,10,,,
eafb6534-ec5a-4c19-900f-25d0a5db1999,shirts.app,expiring,,52,6,GrepApps Technology Inc.,20/07/2024 00:15,20/07/2025 00:15
4722d5a1-503d-458e-b5d9-b013b2b9ffbc,shirts.expert,available,,52,6,,,
12e97381-e2b1-4de7-82cd-a392b3a5aef1,shirts.me,expiring,,52,6,"GoDaddy.com, LLC",25/07/2008 16:33,25/07/2025 16:33
9f519da6-b8b1-40bf-8b06-bc0a1d49a118,shirts.ninja,available,,52,6,,,
09d86369-5cbd-482e-9261-54531a93c0c5,shirts.online,available,,52,6,,,
f70247da-52b7-4cdf-8ec5-7ff652aee6c4,shirts.pro,resell,,52,6,"Sav.com, LLC - 38",16/08/2022 17:00,16/08/2025 17:00
643840e4-ac07-4858-83a6-76eb1c7e4b05,shirts.site,available,,52,6,,,
18f30060-af0d-459c-91b7-2f956883b22b,shirts.so,available,,52,6,,,
daa1c1d5-5631-446c-bd02-bce6c04049e5,shirts.space,available,,52,6,,,
3a9f11f5-3885-4cce-907c-577c433576a1,shirts.store,available,,52,6,,,
0368b2ee-6e0c-47b1-aa8b-d49506aeb847,shirts.tech,available,,52,6,,,
11bb47c5-46af-4ba8-914d-2b227fa5425a,shirts.zone,available,,52,6,,,
069d959f-780f-4ebf-8bd6-f1d3008b8693,sportswear.app,available,70,84,10,,,
d1b86ea4-ee5d-4e77-bc97-3a233ec91a64,sportswear.cloud,available,70,84,10,,,
2535e5e0-b075-4757-a4e2-24c624c8320b,sportswear.dev,available,70,84,10,,,
1054a4d0-c3a9-49c9-898b-35f0e8412693,sportswear.gg,available,70,84,10,,,
ae2c3212-6b83-471f-a73b-398ead954b1a,sportswear.io,resell,70,84,10,"GoDaddy.com, LLC",14/06/2016 06:26,14/06/2026 06:26
c4e49967-8f57-4122-8d5d-a6d888bdebc3,sportswear.it,resell,70,84,10,,28/10/2014 16:00,28/10/2025 00:00
7615144f-9617-4b64-ac51-1364b941eab1,sportswear.net,resell,70,84,10,"GoDaddy.com, LLC",26/01/1999 05:00,26/01/2031 05:00
006c588d-a049-487c-aef8-25e754808239,sportswear.ninja,available,70,84,10,,,
23a7738d-d51f-4649-9b65-609c02da6681,sportswear.online,available,70,84,10,,,
8752570a-d9dc-4757-bdbd-cc10a60ec127,sportswear.pro,resell,70,84,10,"Sav.com, LLC - 31",24/09/2024 17:00,24/09/2025 17:00
57e48e60-0a6a-4a54-bd28-b4665f58b1cb,sportswear.site,available,70,84,10,,,
2044db8b-954c-472a-ac5d-972f07a64bda,sportswear.so,available,70,84,10,,,
257cc409-7002-49be-8937-517aded45ddf,sportswear.space,available,70,84,10,,,
44e5d073-cccb-49a5-b889-bda5f827e1bb,sportswear.store,available,70,84,10,,,
78176c36-4a44-4fcd-99d8-bae4e54b52ca,sportswear.tech,available,70,84,10,,,
d9916261-fe27-4b9b-a56f-15db187629dc,sportswear.zone,available,70,84,10,,,
3c98c5a2-a102-44ea-8606-d51b3e395c4e,activewear.app,expiring,68,84,10,"NameSilo, LLC",25/07/2021 22:56,25/07/2025 22:56
a47a9138-3ec2-41fc-bef0-d9448b11b39a,activewear.cloud,available,68,84,10,,,
6caf4fcc-5c05-4edc-b6c7-640f8b7870c1,activewear.com,resell,68,84,10,"GoDaddy.com, LLC",06/08/1995 04:00,05/08/2029 04:00
e42110c3-b16a-48ae-85e3-25b48b89026f,activewear.dev,available,68,84,10,,,
47ad172e-d1f4-478d-881f-d261a1003054,activewear.expert,available,68,84,10,,,
13a3416b-59df-4ac4-ba46-3395fd67c8a9,activewear.gg,available,68,84,10,,,
a916dd83-272b-4068-ba40-52638244e672,activewear.it,expired,68,84,10,,08/06/2012 09:59,24/06/2025 00:00
6ab3a4c6-2851-4490-8717-da7d44c88f4e,activewear.me,resell,68,84,10,"Chengdu West Dimension Digital Technology Co., Ltd.",08/11/2024 15:14,08/11/2025 15:14
4bb64746-6b69-4383-ac8b-561536f7ce84,activewear.net,resell,68,84,10,"eNom, LLC",14/03/2003 19:08,14/03/2026 18:08
9b8ca691-041b-464d-bfc2-9671be0d1c41,activewear.ninja,available,68,84,10,,,
9564e8c9-5ee0-4190-a868-ee74d60816e8,activewear.online,available,68,84,10,,,
12fc58cd-66db-4c5e-8bf0-d1325a9e174c,activewear.site,available,68,84,10,,,
04dff34c-318f-4f6c-b965-727424f42485,activewear.so,available,68,84,10,,,
7cda2362-28be-4080-a12d-0f093f7e6f46,activewear.space,available,68,84,10,,,
9dee93a2-46a5-4239-9dfc-450de77b6d33,activewear.store,available,68,84,10,,,
c9965372-d561-4a01-b949-edfb8ad66556,activewear.tech,available,68,84,10,,,
4aaafa80-901d-4f51-9140-10729d81a169,activewear.xyz,sold,68,84,10,Dynadot LLC,26/03/2020 14:24,26/03/2026 23:59
755dcf98-2103-4c23-94f6-ef65776bfc9f,activewear.zone,available,68,84,10,,,
447804f3-675f-48f8-8b61-9d8bafda39c6,lingerie.at,available,64,80,8,,,
fb4d2dd4-8f1d-425b-b491-e4e227a76300,lingerie.dev,available,64,80,8,,,
5aeeb697-1141-4230-8c53-dbc570791aae,lingerie.expert,available,64,80,8,,,
cdeb8619-8079-4dac-ac02-4d58dd8b7795,lingerie.gg,available,64,80,8,,,
afb8ce49-cf21-4f37-9c95-f456e92e73e9,lingerie.it,expiring,64,80,8,,08/08/2013 09:00,08/08/2025 00:00
91bd014b-fb53-4301-9521-3893b5d58bf5,lingerie.ninja,available,64,80,8,,,
0c70f538-9a78-42c7-933c-ec08d94de17d,lingerie.online,available,64,80,8,,,
086d4221-ce88-4df5-8e0a-f384aa7063ad,lingerie.org,resell,64,80,8,InterNetX GmbH,20/12/1996 05:00,19/12/2025 05:00
bd6dd29a-9cbd-428a-b327-2921c2761c6d,lingerie.pro,resell,64,80,8,"Spaceship, Inc.",24/04/2019 10:56,24/04/2026 10:56
3f43b265-5fab-4ce8-8f68-0d8fc7cc8498,lingerie.site,available,64,80,8,,,
3fce2f61-18d6-4a82-85b5-70ca7f735aa4,lingerie.so,available,64,80,8,,,
9924e3f1-ca4d-4ccd-bb35-6cca503d7f6b,lingerie.space,available,64,80,8,,,
3c3d5754-8b1d-4eea-a1c7-9ba1b22d22ad,lingerie.store,available,64,80,8,,,
826641a0-7eb6-4d52-a53b-3e47499b7eec,lingerie.tech,available,64,80,8,,,
cf10b92d-50ff-457c-b729-d35a78a9c642,lingerie.us,resell,64,80,8,"GoDaddy.com, LLC",24/04/2002 14:00,23/04/2026 23:59
44052940-9d4d-433b-adab-1673b341f377,lingerie.zone,available,64,80,8,,,
6ee33c89-456a-47f9-8f51-69838e7430d2,swimwear.at,sold,68,84,8,DAY Investments GmbH ( https://nic.at/registrar/485 ),,
12176560-ee92-465d-82dc-9e965725e117,swimwear.cloud,available,68,84,8,,,
02eaa836-33af-4acc-b66f-49e2eb2b8601,swimwear.dev,available,68,84,8,,,
ff057859-f952-4ad3-b9e5-921e93051c9f,swimwear.expert,expired,68,84,8,"Go Australia Domains, LLC",14/05/2014 16:00,14/05/2025 16:00
54829737-34e1-4450-9dad-cd8eb7a846a9,swimwear.gg,available,68,84,8,,,
8485e92d-7370-4fb6-8a35-31a150e103e3,swimwear.me,expiring,68,84,8,DNPric.es,10/07/2008 03:31,10/07/2025 03:31
3b79925f-7cd2-4293-b785-08e024ceec96,swimwear.ninja,available,68,84,8,,,
d6be4ffe-1c70-4159-a96c-0d63a4c33e72,swimwear.site,available,68,84,8,,,
79d10bb4-0bca-4f80-869f-ed2987798855,swimwear.so,available,68,84,8,,,
b718ffe6-dff8-4934-8be0-6a536451782a,swimwear.space,available,68,84,8,,,
b030cada-a4f5-4884-a6c5-703f2cf6d16f,swimwear.store,available,68,84,8,,,
e49b4021-6bcb-40a7-a541-59632b8a9d42,swimwear.tech,available,68,84,8,,,
521edad4-ebcb-4758-82e9-21c407636f8a,swimwear.zone,available,68,84,8,,,
711f75c5-8bae-4787-bc62-c81d8ab0792e,outerwear.cloud,available,54,80,9,,,
f04984bd-fba4-4db7-b7d3-cedcd4a15fa7,outerwear.co,resell,54,80,9,"GoDaddy.com, LLC",10/08/2023 10:44,10/08/2025 10:44
12d42f60-b76a-4ee8-ac60-27ff59296f50,outerwear.com,resell,54,80,9,PDR Ltd. d/b/a PublicDomainRegistry.com,04/09/2001 18:05,04/09/2025 18:05
5dbbec86-a961-4412-951e-1ff0bdacb6bf,outerwear.dev,available,54,80,9,,,
4b6836d4-c31b-4677-8699-1e39f0aee798,outerwear.expert,available,54,80,9,,,
496a40da-49c3-4671-888d-226208ba8523,outerwear.gg,available,54,80,9,,,
b29c17fc-d337-4b3a-9959-60c317bf555a,outerwear.io,resell,54,80,9,"eNom, LLC",08/05/2017 00:59,08/05/2026 00:59
a78a24f5-f5bf-4b63-850f-30a9091c4243,outerwear.it,resell,54,80,9,,13/10/2009 12:56,20/10/2025 00:00
448a3acf-b3e5-49a9-b870-e9de62957d02,outerwear.ninja,available,54,80,9,,,
d1b85169-e0d1-4bb4-85b3-4e47be01d842,outerwear.online,available,54,80,9,,,
da7f1d7b-caa6-4319-9f96-d4783c3e6658,outerwear.pro,resell,54,80,9,Epik LLC,13/10/2019 10:10,13/10/2025 10:10
9a129c1c-abe3-4f64-b36c-9d8d8542bad3,outerwear.site,available,54,80,9,,,
51daa61e-500a-44a8-8854-10bb2d2a1fb8,outerwear.so,available,54,80,9,,,
775a1829-8518-4812-8546-67d914da7590,outerwear.space,available,54,80,9,,,
d400a9fd-4547-4c74-ab54-dabcc24e7bf6,outerwear.store,available,54,80,9,,,
6ed57204-fa81-46eb-9026-e93ada2c0a81,outerwear.tech,available,54,80,9,,,
f2fa3a2b-d15f-4bef-96b5-108d283e33eb,outerwear.zone,available,54,80,9,,,
b3583cb8-ab84-46ee-905a-f0cc8e07a8ed,outerwear.app,available,54,80,9,,,
1c6f2c51-43ff-4a8e-93ba-82bec6c1182d,knitwear.app,available,62,76,8,,,
7cf877b5-ebfb-46e7-964d-599901e5196d,knitwear.at,available,62,76,8,,,
b8724931-098d-42cd-bfc7-17a877d52587,knitwear.cloud,available,62,76,8,,,
05eaaf87-235a-4cc4-8a5d-ff8ab265a135,knitwear.co,available,62,76,8,,,
b13edd36-7dfc-40f8-80fb-5e0422db2c04,knitwear.dev,available,62,76,8,,,
14c92970-679e-4c85-afa0-c194bb0629ca,knitwear.expert,available,62,76,8,,,
1c288409-5964-485f-9785-6c0c9a50bfcc,knitwear.gg,available,62,76,8,,,
29e1b2ab-7612-41eb-aef9-92da02677761,knitwear.io,available,62,76,8,,,
b00c78ac-f73b-44e6-97f9-e34471d68740,knitwear.me,resell,62,76,8,"Spaceship, Inc.",02/12/2024 16:50,02/12/2025 16:50
af0743cf-63d2-49ee-9499-528c3485d1df,knitwear.net,resell,62,76,8,Dynadot Inc,27/02/2023 19:15,27/02/2026 19:15
4f693dd7-2dfb-49fa-a13d-04a1d5f10b10,knitwear.ninja,available,62,76,8,,,
460fd08c-d08b-4f4f-a0d0-d3789bf4ed3c,knitwear.online,available,62,76,8,,,
f86eb370-8c2c-4ab7-a16c-9dbb6e090c55,knitwear.org,resell,62,76,8,"GoDaddy.com, LLC",13/10/2016 14:30,13/10/2025 14:30
d3bede2d-4af7-4d2f-a6aa-5c3a6161d981,knitwear.so,available,62,76,8,,,
b0f94d97-40d5-416f-9ffb-b1e0962f7f40,knitwear.space,available,62,76,8,,,
fd1e78e7-67ea-46ef-bba4-a714788ba204,knitwear.tech,available,62,76,8,,,
2c589c40-2393-4e6d-b7bc-5603fb825594,knitwear.zone,available,62,76,8,,,
eb5ed817-a2dc-4058-9d53-b3fb0caaf7ca,denim.at,available,62,84,5,,,
d513f322-dbf1-4bcb-be8d-0326910310fa,denim.it,expired,62,84,5,,13/07/2005 00:00,02/07/2025 00:00
bc8ac838-2539-479f-b5e6-30117b24aa30,denim.me,resell,62,84,5,"Spaceship, Inc.",30/11/2015 02:35,30/11/2025 02:35
92dcdda9-e898-4e4e-b4d7-3f73be1ddb78,denim.ninja,available,62,84,5,,,
f7094bdd-53a6-4c84-876c-b800292018ec,denim.online,resell,62,84,5,Alibaba Cloud Computing Ltd. d/b/a HiChina (www.net.cn),22/11/2016 08:00,22/11/2025 23:59
400c01e2-1fb4-4560-bb3e-43fdd7a7de93,denim.site,available,62,84,5,,,
918bc9d8-48d1-46d3-b7fa-d1b062980057,denim.so,available,62,84,5,,,
5a3de2d8-5550-4449-b29d-2be096f24e10,denim.space,available,62,84,5,,,
7868a412-dc45-4e6d-aa87-88b6eac4da6f,denim.store,available,62,84,5,,,
cb0c77fd-faf1-454e-b580-8d9c007ed800,denim.tech,available,62,84,5,,,
53c38691-062e-426d-80a6-79cec1695c0c,denim.xyz,resell,62,84,5,"Go Daddy, LLC",27/08/2015 06:21,27/08/2025 23:59
6c448b03-82ff-41df-89c9-8fccbf9c950f,tailoring.ai,resell,60,80,9,"Ascio Technologies, Inc. Danmark - Filial af Ascio technologies, Inc. USA",11/12/2023 16:19,11/12/2025 16:19
b044ad18-3017-46d8-a6b7-5f40f1df6edf,tailoring.app,available,60,80,9,,,
6de21684-c960-4a8e-9d49-9cd19b2670f0,tailoring.at,available,60,80,9,,,
c8104eb7-df22-4377-af73-da0db1b3b753,tailoring.com,resell,60,80,9,"GoDaddy.com, LLC",20/02/2000 11:41,20/02/2027 11:41
d1fae07e-4c35-4d83-bf3c-fcf39794f9fb,tailoring.dev,available,60,80,9,,,
a2a06cb3-4c9a-4aa1-9abf-1067a39065c4,tailoring.expert,available,60,80,9,,,
96ee71b1-d55d-4df9-a730-5bc1e555a96b,tailoring.gg,available,60,80,9,,,
1c9923eb-2e76-41ac-9bf8-ea90b953d641,tailoring.io,expiring,60,80,9,"Spaceship, Inc.",29/07/2020 14:31,29/07/2025 14:31
650cf002-4625-462e-b3e3-f4bee01fdbb9,tailoring.me,available,60,80,9,,,
4d816114-4070-479c-9fe3-9f193330c036,tailoring.ninja,available,60,80,9,,,
abccab52-0755-4a6a-a36e-0d32ad947a9d,tailoring.org,resell,60,80,9,"GoDaddy.com, LLC",16/02/2006 18:51,16/02/2026 18:51
e030d1d0-db80-4c9b-b277-4d89fb5e9ca6,tailoring.so,available,60,80,9,,,
2e70e367-d1c0-46d2-b1f1-df9ec650ad73,tailoring.space,available,60,80,9,,,
14248ce3-805a-48da-a7e3-649fcab2e115,tailoring.store,available,60,80,9,,,
39346d86-5c84-42f1-8ec8-d984ca16149d,tailoring.tech,available,60,80,9,,,
19a23f04-4a2c-4f4e-840a-8e030820ab18,tailoring.zone,available,60,80,9,,,
604b0e23-c888-4c27-9572-e94a7c3d3b08,suiting.ai,available,60,72,7,,,
ad5a3765-8ea9-4802-85e4-5ae62162f63c,suiting.at,available,60,72,7,,,
76b2b284-2aa7-4339-aa51-e4006649dcf6,suiting.cloud,available,60,72,7,,,
69c0d9b3-3df8-46a6-a884-1370c00cc80c,suiting.dev,available,60,72,7,,,
27b02155-9851-49a9-8e08-4457d7ae1f65,suiting.expert,available,60,72,7,,,
b9680599-bea3-4fc9-bac6-dbacd24d5c45,suiting.gg,available,60,72,7,,,
a8340c2b-45c2-4936-b342-a48bb6be3bb6,suiting.io,available,60,72,7,,,
a8cef918-6c74-42fb-a185-700cc64c49c6,suiting.it,resell,60,72,7,,23/10/2009 15:39,12/11/2025 00:00
77280c8b-738b-4e2f-a1a8-7090794dd998,suiting.me,available,60,72,7,,,
2319a8af-b5e5-418a-be85-8440572e8f46,suiting.ninja,available,60,72,7,,,
381a4983-536d-4754-8d4f-1fffcb64c377,suiting.online,available,60,72,7,,,
b855738a-03c8-428b-9919-e6b97524193b,suiting.org,resell,60,72,7,DomainHood LLC,14/01/2022 14:30,14/01/2026 14:30
8bed4e8f-60f7-40e4-a0bf-3d61995cc773,suiting.pro,available,60,72,7,,,
96e1af97-d059-4e02-b237-f7d30c2fa30c,suiting.site,available,60,72,7,,,
5a68de36-6802-4b55-8855-f671e528fc92,suiting.so,available,60,72,7,,,
eafe4c15-80a5-4d0a-8518-ed7d62d0f661,suiting.space,available,60,72,7,,,
c6cf9147-abf1-4531-a444-d1cdc662faa8,suiting.store,expired,60,72,7,Communigal Communications Ltd,18/05/2024 00:41,18/05/2025 23:59
fb64d5b3-caf8-4578-8c44-e8fef6770d3f,suiting.tech,available,60,72,7,,,
5e2f8e84-33f7-4231-801c-c61fc2fe9653,suiting.us,available,60,72,7,,,
93765f76-1ff6-4bd4-8077-2a0616a4b1f5,suiting.xyz,available,60,72,7,,,
fc0557dc-9305-4c00-81b9-309ed9171f0b,suiting.zone,available,60,72,7,,,
66acdfdc-a115-4283-80d0-6870fabdb11b,dresses.app,available,40,32,7,,,
6644a302-a5b9-4ad8-8c2f-29efb12e955d,dresses.at,available,40,32,7,,,
5e15ea46-f1fc-448d-b0f3-92a864ef4e9b,dresses.cloud,available,40,32,7,,,
9ca1c7dc-885c-4164-bfc6-a9cd5343cf4c,dresses.dev,available,40,32,7,,,
160b0e2b-eb05-4231-b7d0-a511a15519a1,dresses.expert,available,40,32,7,,,
f52d05d6-e0a2-444b-8939-ecfa91a9c610,dresses.gg,available,40,32,7,,,
2a75a219-aa31-4f5f-9963-9986ff3c170d,dresses.me,expiring,40,32,7,Dynadot Inc,17/07/2008 16:13,17/07/2025 16:13
d9665f12-69e5-439c-9b53-2d989553da61,dresses.ninja,available,40,32,7,,,
eebeb398-60ed-4411-8c4d-c0e6eacf0375,dresses.online,available,40,32,7,,,
0c4310d6-2565-4881-8b3c-2ed3cb60c46e,dresses.pro,resell,40,32,7,Epik LLC,17/06/2022 17:00,17/06/2026 17:00
2b127790-a94c-43f2-8dfc-f87fa469cd02,dresses.site,available,40,32,7,,,
69c75401-f4e0-4dae-9cc3-4f9d29144e53,dresses.so,available,40,32,7,,,
abb0a583-a7f4-4293-ba35-3fe7c269ddb4,dresses.space,available,40,32,7,,,
25591e8d-298f-409f-9096-b6a1739702a9,dresses.store,available,40,32,7,,,
b5190e33-81cf-4639-b07c-c940bbf1a72d,dresses.tech,available,40,32,7,,,
a5895d33-cd52-4e25-9b65-3d9d3a216709,dresses.us,resell,40,32,7,"GoDaddy.com, LLC",24/04/2002 14:04,23/04/2026 23:59
d603a8a1-9042-4054-bf55-6cf2b5b58d10,dresses.zone,available,40,32,7,,,
03ce55ac-1ec0-4c9a-911f-1255c6797ed7,suits.cloud,available,56,40,5,,,
29704e54-55c6-4837-a2b3-b0b0d1ed42b9,suits.dev,available,56,40,5,,,
ebc95193-dc0c-437e-b32f-5bb06486b100,suits.expert,available,56,40,5,,,
9cd7e7e5-5100-42df-8674-8e3ac6e062d9,suits.gg,available,56,40,5,,,
364e325e-5966-4222-b709-ba4ec78c5fa0,suits.io,resell,56,40,5,Dynadot Inc,07/06/2013 02:31,07/06/2026 02:31
828e12a9-b02b-42be-86e2-3c4070d5b6ac,suits.net,resell,56,40,5,"GoDaddy.com, LLC",14/03/2003 19:06,14/03/2027 18:06
4dbf2f80-bb0b-486c-a1ae-b1a683893782,suits.ninja,available,56,40,5,,,
36919c4f-0732-4b0c-9212-53a9d57e864a,suits.online,available,56,40,5,,,
73394031-790d-43c1-afd7-5c5bfedc95fb,suits.pro,resell,56,40,5,Registrar of Domain Names REG.RU LLC,11/07/2022 13:15,11/07/2026 13:15
7838da21-97cc-43a5-a9e8-03c4d642b4d5,suits.site,available,56,40,5,,,
64f5862b-4a28-4082-8a6a-2252e86a81cb,suits.so,available,56,40,5,,,
4c78b41f-6807-46b7-bafc-f693104d3c15,suits.space,available,56,40,5,,,
8db55803-8276-49a7-a2f6-407e65dfbf6a,suits.store,available,56,40,5,,,
d2ec6084-edbc-46d9-9acc-7bc460f3acf4,suits.tech,available,56,40,5,,,
8bb2ffed-7ed2-4682-9708-fde3344d6d63,suits.zone,available,56,40,5,,,
b8eedf04-17a4-483e-a79c-5f25309a2ebb,tops.cloud,available,,92,4,,,
8fb6757e-afa2-4cf1-8936-4c7928369b1d,tops.co,resell,,92,4,"GoDaddy.com, LLC",16/09/2010 13:55,15/09/2025 23:59
bccc5f8a-1cea-42a1-b7e3-88d9a86446fd,tops.expert,available,,92,4,,,
5d566eea-a7b7-4118-9365-ddcfc32528b7,tops.gg,resell,,92,4,"NameCheap, Inc (https://www.namecheap.com)",,
78460ef0-79cc-4607-b302-071987ad153a,tops.ninja,available,,92,4,,,
20446893-d55e-4590-875f-f018fc92405a,tops.online,available,,92,4,,,
0ef52f20-b7f6-4418-af7e-0cd5774abc1b,tops.pro,resell,,92,4,"Sav.com, LLC - 10",01/11/2024 17:00,01/11/2025 17:00
7f921099-5af8-48c8-9d50-e665e55e437d,tops.site,available,,92,4,,,
9b3616f6-eac5-41b2-96cb-4e7bf0959025,tops.space,available,,92,4,,,
79617c26-b11c-485e-a0d9-1b327a01722a,tops.store,available,,92,4,,,
de0c4012-a40c-4449-ae2c-7dabf806a268,tops.tech,available,,92,4,,,
5620e85a-63ff-47c2-8572-f48cc1b74302,tops.xyz,resell,,92,4,"Automattic Inc. ",24/11/2018 09:30,24/11/2028 23:59
52e4c669-e8cf-4191-9c44-219939069c03,trousers.ai,expiring,66,80,8,Porkbun LLC,10/07/2023 11:25,10/07/2025 11:25
7476e346-b9bd-48d5-a833-d28d02b6d7e3,trousers.app,available,66,80,8,,,
43c7c340-6a81-4a46-a9a9-992e5cc39862,trousers.at,available,66,80,8,,,
ad5c3953-bf9a-4bd6-9f40-dcee6ab77016,trousers.co,available,66,80,8,,,
ef77b567-ba3a-40c5-875f-1a4f318ba0ea,trousers.dev,available,66,80,8,,,
c4b83318-18ad-4acf-8316-f738c652c331,trousers.gg,available,66,80,8,,,
9a907695-dc92-416a-8f90-74f818598b7c,trousers.expert,available,66,80,8,,,
63f96cc5-a351-4119-b73b-c3619bc4e0ac,trousers.zone,available,66,80,8,,,
1e22f974-d4b6-440d-9ca4-c92ead0c4d56,trousers.xyz,resell,66,80,8,West263 International Limited,05/01/2022 23:57,05/01/2026 23:59
2abcea34-7d6a-43f8-ba54-00e8f90e9fc4,trousers.us,resell,66,80,8,Dynadot Inc,08/10/2020 00:03,08/10/2025 00:03
84a1a4fa-680f-4a26-9956-9716d9bf2723,trousers.tech,available,66,80,8,,,
8f63cb57-e5fd-4b40-ac38-321e9170df0c,trousers.so,available,66,80,8,,,
c724661b-eb66-40b8-b249-39ccfb840e7a,trousers.online,available,66,80,8,,,
3d6dcb51-6fb2-4609-9943-42e0d242f39e,trousers.ninja,available,66,80,8,,,
7c5a3d92-e01b-44d5-8d46-4bc316be4530,pants.app,expiring,100,84,5,Porkbun LLC,11/07/2024 21:08,11/07/2025 21:08
7025a793-e11b-4335-8d4b-79c374009b44,pants.at,available,100,84,5,,,
c9b607ee-3e77-4e79-85a4-d4117b50f3ea,pants.cloud,available,100,84,5,,,
1b5823df-0152-4280-82b1-8f7ceef31ead,pants.expert,available,100,84,5,,,
2d748552-688b-4778-a8e1-5b0fa00fab48,pants.it,expired,100,84,5,,01/07/2003 00:00,01/07/2025 00:00
ab1f3f72-0b7c-4888-8ea4-4bb4490d7156,pants.me,expiring,100,84,5,Dynadot Inc,17/07/2008 17:30,17/07/2025 17:30
b7d98467-9d1a-4c7f-b5f0-ae4f4d35a553,pants.net,resell,100,84,5,"GoDaddy.com, LLC",24/09/1999 10:57,24/09/2026 10:57
fdbe9066-2caa-4827-b284-f87161933e61,pants.ninja,resell,100,84,5,"GoDaddy.com, LLC",07/04/2023 19:42,07/04/2027 19:42
1c1b95b9-3b5e-45b8-b875-243bd1687887,pants.online,available,100,84,5,,,
64a020cd-6a37-4c91-ac67-2d07ce67c2ca,pants.pro,resell,100,84,5,Epik LLC,21/10/2022 17:01,21/10/2025 17:01
79a162e6-73e6-4160-a68e-ad2ec8ef6559,pants.site,available,100,84,5,,,
f23cb1bc-9a38-41fc-ad4e-e75c679cfbac,pants.so,available,100,84,5,,,
27335ae9-4c77-4b66-99fa-5faa4ab8470a,pants.space,available,100,84,5,,,
bfc79453-13ce-4801-b67d-762831889a4e,pants.store,available,100,84,5,,,
906ecf72-8ab1-4b55-9c91-4217567a06a0,pants.tech,available,100,84,5,,,
f7d8f2c9-15c5-40c5-8992-0ce109d462c0,pants.xyz,resell,100,84,5,"Go Daddy, LLC",02/06/2014 17:35,02/06/2026 23:59
91da05c7-5585-4784-9d61-ea6bb5aa0691,shorts.app,resell,74,88,6,"Sav.com, LLC - 2",07/06/2024 01:04,07/06/2026 01:04
12f67f89-cbe5-48ff-9021-99e2c71380d6,shorts.at,available,74,88,6,,,
e2099fe2-1456-4ab8-a861-420dfe6e838d,shorts.expert,available,74,88,6,,,
8e274c08-fc1b-4c40-9e3e-861ae9e5b29d,shorts.me,resell,74,88,6,Dynadot Inc,03/10/2013 02:35,03/10/2025 02:35
46472b9c-91c4-4c63-89cc-88fedbe2572d,shorts.net,resell,74,88,6,"GoDaddy.com, LLC",01/01/2003 19:01,01/01/2027 19:01
64e1ec13-2a58-4744-a11d-8222d43d2f3f,shorts.online,available,74,88,6,,,
ac0c4941-e5eb-49db-9bdc-ab4697071b2e,shorts.org,resell,74,88,6,"GoDaddy.com, LLC",15/04/1997 04:00,16/04/2026 04:00
24893050-f855-49ba-80df-daf5ce4d415e,shorts.site,available,74,88,6,,,
8537020d-700f-4802-81c3-140d68eac8cc,shorts.so,resell,74,88,6,NameCheap,16/06/2023 14:11,16/06/2026 14:11
dcd49061-bb9f-4ddf-9920-eed9004ea6c3,shorts.space,available,74,88,6,,,
83a7377c-ab77-4f31-9086-baf49cdbf054,shorts.store,available,74,88,6,,,
83182915-6e28-4016-b80f-63bf8dadda6a,shorts.tech,available,74,88,6,,,
ac390b87-4569-471b-9664-9eb5ddf4a478,shorts.xyz,resell,74,88,6,"Go Daddy, LLC",02/06/2014 17:35,02/06/2026 23:59
d6a27df9-331b-42dd-8ec0-9b71f7d2af99,sweaters.at,available,,44,8,,,
b2933ab9-e038-46a3-9724-a74aba25b836,sweaters.cloud,available,,44,8,,,
7719d493-ad39-4a29-ac3d-e1280917bfb2,sweaters.dev,available,,44,8,,,
b1a4bf68-6437-47f6-a2ff-40492848a3fc,sweaters.expert,available,,44,8,,,
9545c4b8-5168-481c-8473-a759e9125258,sweaters.gg,available,,44,8,,,
43787947-7125-40df-b715-ea3a37daa555,sweaters.it,resell,,44,8,,18/06/2009 10:04,05/10/2025 00:00
8bd5228b-82ab-4b7e-861c-531b895de45b,sweaters.ninja,available,,44,8,,,
cf3d12e3-2e04-4013-90c4-9506af3e2b7a,sweaters.online,available,,44,8,,,
53ddcf78-5576-473e-a5df-4f0bf9de031f,sweaters.site,available,,44,8,,,
f32eb951-a279-45e0-a140-2163ff55a502,sweaters.so,available,,44,8,,,
110da254-9fe4-4f58-a269-5e2b9c51cb62,sweaters.space,available,,44,8,,,
f61d3913-eba2-446a-8a7e-26c4c4ad4934,sweaters.store,available,,44,8,,,
d12c748c-d35e-4516-b004-696ff66cdce5,sweaters.tech,available,,44,8,,,
bf9bf782-b320-452c-be58-deebfd990f52,sweaters.zone,available,,44,8,,,
c44e6ff2-9cc3-46b1-a78b-aef365af48cc,cardigans.ai,available,40,28,9,,,
812a123e-0abc-4520-82e0-407f85667411,cardigans.app,available,40,28,9,,,
ef48a5b8-2e30-4bee-a8c5-c5824c01add3,cardigans.at,available,40,28,9,,,
d63a6bf1-d115-4968-b936-5cdfac79c87b,cardigans.cloud,available,40,28,9,,,
f5b96ce0-8f38-4e13-88d5-71e454a4dc9b,cardigans.dev,available,40,28,9,,,
4cea64ba-c99c-44a9-9a33-9a3526a522b6,cardigans.expert,available,40,28,9,,,
229102a4-fc2d-4d7e-960a-bba97850d5fc,cardigans.gg,available,40,28,9,,,
d584ff40-b186-4904-bc41-550e27dc7643,cardigans.io,expired,40,28,9,"Sav.com, LLC",03/05/2024 12:27,03/05/2025 12:27
95328bb5-4461-443b-9a84-38939fdcbe47,cardigans.me,available,40,28,9,,,
d7e240a9-7ebd-428a-8cbe-72f4aa361d8e,cardigans.ninja,available,40,28,9,,,
dcaac4ed-7766-4609-a9f2-725e32967e93,cardigans.online,available,40,28,9,,,
ea53cafb-9d65-40e1-ada0-5086d5e8b611,cardigans.pro,available,40,28,9,,,
61f989b9-6a47-4445-b740-455f334bb6fe,cardigans.so,available,40,28,9,,,
a07ca599-dc56-4d19-8e20-69c3e69c243c,cardigans.space,available,40,28,9,,,
e22eecd5-e84c-48f8-8146-e9337e820a62,cardigans.tech,available,40,28,9,,,
6a45f221-45cc-41ac-ac36-0cb486615bf1,cardigans.us,available,40,28,9,,,
4ee660d8-ec5d-4d8d-9369-d368c754995e,cardigans.xyz,available,40,28,9,,,
b62af240-f761-465e-acf3-f2796441de4d,cardigans.zone,available,40,28,9,,,
f059f20c-d97a-4062-ab5b-e51352043403,jackets.ai,resell,50,20,7,"NameCheap, Inc.",21/01/2020 07:23,21/01/2028 07:23
afa05b38-a636-4f6f-a36c-c14c82888cd9,jackets.at,available,50,20,7,,,
c1248e14-11fe-4a98-b1f5-37cc60bd52d4,jackets.cloud,available,50,20,7,,,
2e91ff78-8a0b-47f5-b73e-2a51fd97b01e,jackets.co,expiring,50,20,7,"GoDaddy.com, LLC",21/07/2010 20:16,20/07/2025 23:59
23b4888e-c385-403d-83d3-28cbc3279224,jackets.dev,available,50,20,7,,,
bf653cdf-fdca-46e8-a4e9-89239cb2452e,jackets.expert,available,50,20,7,,,
6951ebb9-7bc9-42e3-944a-8922a2c21409,jackets.gg,available,50,20,7,,,
8d686bab-1b98-4a41-8084-377ece88c6ee,jackets.me,expiring,50,20,7,"GoDaddy.com, LLC",17/07/2008 16:59,17/07/2025 16:59
51c016b6-b012-4439-a1cf-10ff171f2d95,jackets.net,resell,50,20,7,Epik LLC,10/06/2001 10:33,10/06/2026 10:33
43295420-f782-4f20-9566-484920b10cdd,jackets.ninja,available,50,20,7,,,
0794ebce-cd8b-4bcb-9631-ace92938b861,jackets.online,available,50,20,7,,,
79d8d810-c5c5-494b-8bd0-b619e087d006,jackets.org,resell,50,20,7,Dynadot Inc,24/11/1998 05:00,23/11/2028 05:00
75caebd8-d025-4e21-85c1-8e7b65bf984a,jackets.pro,resell,50,20,7,"Soluciones Corporativas IP, SL",26/11/2007 00:00,26/11/2025 00:00
72a6bcde-f9b4-4509-8088-315c59d38a39,jackets.site,available,50,20,7,,,
5b31d58d-cbaa-4b16-942a-593197730f35,jackets.so,available,50,20,7,,,
89e44247-1c20-4c6c-8469-df409c917136,jackets.space,available,50,20,7,,,
1301f616-503e-4722-a2fc-51e105af5f0a,jackets.store,available,50,20,7,,,
c3e09989-d0e7-4098-8530-f4918e88dfb2,jackets.tech,available,50,20,7,,,
a4234e03-4ec6-42e9-b39c-b99cd7d1a98f,jackets.us,expiring,50,20,7,Dynadot Inc,09/07/2005 17:17,08/07/2025 23:59
7b198117-98ba-4d71-8033-06d8ace61fe3,jackets.zone,available,50,20,7,,,
91aedf8b-44d1-411b-8f16-f4f7e3568fb1,coats.ai,resell,66,44,5,"GoDaddy.com, LLC",21/09/2023 13:15,21/09/2025 13:15
f7359ede-6239-4ae7-928b-ddacc8dcfcd7,coats.app,available,66,44,5,,,
aae8c086-ada1-45ff-9aa1-13ea8ef07c9f,coats.at,available,66,44,5,,,
9801dcce-7a91-4448-8245-f46c64c0526a,coats.expert,available,66,44,5,,,
5fc97ac3-a49c-4db3-8bb1-f8803b187838,coats.gg,available,66,44,5,,,
a9bc34a0-09fa-4e10-816f-4f3218cebb6f,coats.it,expiring,66,44,5,,22/07/2002 00:00,22/07/2025 00:00
c0337bc1-e800-4d62-bfa2-b7df9a70c1f5,coats.me,resell,66,44,5,"GoDaddy.com, LLC",04/10/2011 02:36,04/10/2025 02:36
2cbabf0d-2cb0-47a6-a82d-605c7de6138b,coats.online,available,66,44,5,,,
bd824f39-710a-4acf-8e3e-2b77443b08cc,coats.site,available,66,44,5,,,
5ea8ab0d-2e55-4e56-ab5b-00dc62bf636e,coats.so,available,66,44,5,,,
929d8828-7610-481d-89db-22eabff56804,coats.space,available,66,44,5,,,
450a291d-3f97-4ab4-9fe8-9613a260d0ff,coats.store,available,66,44,5,,,
c618f45f-ae76-4dc9-b2d8-a21a416c1593,coats.tech,available,66,44,5,,,
7ac60252-983b-488d-8cf5-9c6836e257d4,coats.zone,available,66,44,5,,,
4f698af8-ab17-47ba-9f43-414092300059,blazers.app,available,54,28,7,,,
0a9aad50-c17b-4552-b868-665f93c8f782,blazers.at,available,54,28,7,,,
6b4a3eab-06e0-410f-bec8-b30159793d02,blazers.cloud,available,54,28,7,,,
6a506aea-508c-4ebb-9155-7b4c620abd41,blazers.co,resell,54,28,7,Dynadot Inc,13/09/2011 17:50,12/09/2025 23:59
603e4b97-370c-4cb9-acbe-bfc0cdf74706,blazers.dev,available,54,28,7,,,
de9fa528-35b8-4fe8-8129-ae29a9cba426,blazers.expert,available,54,28,7,,,
ebdf0c63-cb7c-4b23-bd1d-212b3d672e5c,blazers.gg,available,54,28,7,,,
f271b95e-6ca3-4ae0-a08c-fbb643036df2,blazers.it,expiring,54,28,7,,11/07/2007 16:02,11/07/2025 00:00
7d8f94a1-51c6-4711-8a29-a71d840c97dd,blazers.me,available,54,28,7,,,
5f0ff48f-45df-44fa-a015-fb9231c7135f,blazers.ninja,available,54,28,7,,,
4ad4c079-5bf5-494a-be65-873bf88967fc,blazers.online,available,54,28,7,,,
b7b45aed-76ba-4c3d-a8c2-ecc8d0422738,blazers.pro,available,54,28,7,,,
6a3bd7bb-e29e-4fff-8086-e88744b56be7,blazers.site,available,54,28,7,,,
d1b177ca-f5a6-4db6-9ea2-b2bfa6138e5c,blazers.so,available,54,28,7,,,
552b8f29-7dc0-4f33-87c6-6eadd523f586,blazers.space,available,54,28,7,,,
ff2630f0-ff74-4ba6-934b-0776b12f932e,blazers.store,available,54,28,7,,,
2703db1d-7250-4654-a708-c92916c9b4ad,blazers.tech,available,54,28,7,,,
e978a26e-1d08-42b1-a761-0753bba3aaae,blazers.zone,available,54,28,7,,,
bc052476-4d1f-4072-837c-98301f7c18dc,rompers.ai,available,,24,7,,,
3df81d26-9ab2-46c8-8290-fa7d9028612e,rompers.app,available,,24,7,,,
ef29b92f-32df-489d-a4ca-321761ab4b56,rompers.at,available,,24,7,,,
89a03e68-fb39-4428-b2a4-507bb76ad219,rompers.cloud,available,,24,7,,,
d5e005d0-204a-4a4c-8372-6319985c2a8f,rompers.dev,available,,24,7,,,
8f49cb2e-2849-4488-8fa1-4272fe1029d0,rompers.expert,available,,24,7,,,
278def65-61c0-4c64-b634-e25e31bea6fa,rompers.gg,available,,24,7,,,
36584e46-85b4-4f76-80e4-6cc213b1e659,rompers.io,available,,24,7,,,
dfbdc223-dfd4-4891-bfea-a4104c6dc968,rompers.me,available,,24,7,,,
06e01dc4-c97e-4961-99f0-6ce399ae992d,rompers.ninja,available,,24,7,,,
40452fc5-16c2-40c7-9d25-900ad4422e3a,rompers.online,available,,24,7,,,
063b899d-3838-475b-9321-c54650b12237,rompers.org,resell,,24,7,1API GmbH,09/04/2009 14:30,09/04/2026 14:30
d0f9fc44-3a81-4b1b-9009-c94540cfdffc,rompers.pro,available,,24,7,,,
3bf05722-79ae-4f8f-b871-e0faab1b3f1f,rompers.so,available,,24,7,,,
0c00560b-51ec-4f57-a58d-566044ccb557,rompers.space,available,,24,7,,,
cebe0406-834e-4201-87fd-ad133e566794,rompers.store,available,,24,7,,,
c8b4c693-5bab-4449-b6b4-bd4464eef3b8,rompers.tech,available,,24,7,,,
20bff429-476c-4d32-b222-5e3755effcaf,rompers.us,available,,24,7,,,
dd21a49e-23bb-4c2f-8e04-b1a334129553,rompers.zone,available,,24,7,,,
7920d6ec-a998-4693-83c0-8c9ffe6aa243,overalls.at,available,,76,8,,,
e74903cd-75ce-420e-8216-57ceb4fe6fa7,overalls.cloud,available,,76,8,,,
5491dd24-44fe-4223-8e9d-fb5ee6c3cab1,overalls.co,available,,76,8,,,
85733a2c-9574-4c57-aabd-a3e727fd8564,overalls.com,resell,,76,8,"GoDaddy.com, LLC",10/08/1998 04:00,09/08/2028 04:00
122f0832-49c7-4fda-8011-158976a4cf9c,overalls.expert,available,,76,8,,,
7b941449-3bfa-4085-87b7-fba1cf7dc5c4,overalls.gg,available,,76,8,,,
f7641e2b-7abc-46b4-ab0b-b14292c9c541,overalls.it,expiring,,76,8,,30/06/2010 18:41,02/08/2025 00:00
096a25c5-b100-412e-bbc5-e3e7250b2520,overalls.me,available,,76,8,,,
8a94e654-0683-4c3e-a0d1-06895969d12b,overalls.ninja,available,,76,8,,,
c588c660-1abc-414a-ac1d-06147fb4e234,overalls.pro,available,,76,8,,,
ae395f15-22d5-4cec-9e28-b7e7ef0c845b,overalls.site,available,,76,8,,,
888b965b-2bbd-4881-b8d3-57c02f5341ae,overalls.so,available,,76,8,,,
b236121c-67d6-4a67-b9d5-682e3e54a444,overalls.space,available,,76,8,,,
05394a81-112d-48b9-a515-ca1e2dd9a4ee,overalls.store,available,,76,8,,,
015568e9-7abd-4323-a809-ee6f804f2021,overalls.tech,available,,76,8,,,
80ec2f9a-8905-49db-b1b6-d36e14a026a0,overalls.zone,available,,76,8,,,
917394e4-b16b-4ec4-b4df-9eededdda41c,leggings.cloud,available,46,52,8,,,
965c751f-def4-4ce3-9111-f6038c8db4ac,leggings.co,expiring,46,52,8,Rabbitsfoot.com LLC d/b/a Oxygen.nyc,20/07/2010 18:03,19/07/2025 23:59
21b82002-16a1-4da6-9bc0-fec19a8fb6fc,leggings.dev,available,46,52,8,,,
43094023-db42-408e-8c4f-aca5d59f17aa,leggings.expert,available,46,52,8,,,
855b154f-b9cc-4890-afce-1359e21d0982,leggings.gg,available,46,52,8,,,
5c5d4d84-5a12-426b-893c-e968d374df08,leggings.ninja,available,46,52,8,,,
dc4a8205-6732-451f-bcd7-f9b0bb4faa1b,leggings.site,available,46,52,8,,,
2a62cf68-ccfd-4336-bcb9-c2f6be2670a4,leggings.so,available,46,52,8,,,
01d86cb7-14e2-420c-b490-f872961b53cc,leggings.space,available,46,52,8,,,
a79773af-a471-4d4d-9637-0f7980f84213,leggings.tech,expired,46,52,8,"CHENGDU WEST DIMENSION DIGITAL TECHNOLOGY CO., LTD.",29/05/2024 02:21,29/05/2025 23:59
c1e60c86-6b31-49ec-8d73-d16a9f477ee3,leggings.xyz,resell,46,52,8,"Go Daddy, LLC",03/06/2014 02:11,03/06/2026 23:59
0f5352af-aa96-4a70-b7a5-9fea48fd7f42,leggings.zone,available,46,52,8,,,
f2ccbe03-d95e-4846-bfe5-1eaad914381e,hosiery.ai,available,64,80,7,,,
18e9b90b-85fb-4759-93de-d7765b3cf72d,hosiery.app,available,64,80,7,,,
b1ed8f5a-71f8-4887-897f-34af79a0547a,hosiery.at,sold,64,80,7,Consultix GmbH ( https://nic.at/registrar/475 ),,
0bebd6b4-05d4-4a40-9a3c-c5955edb4ac0,hosiery.cloud,available,64,80,7,,,
8327aec0-2cef-49e6-8a1b-42bb300f022e,hosiery.dev,available,64,80,7,,,
69bd1389-995f-4cbd-ac3f-2d5aef264015,hosiery.expert,available,64,80,7,,,
e960aea8-8540-473a-b52e-a8c2480b7f03,hosiery.gg,available,64,80,7,,,
88d17253-fab4-4832-afed-2292515b0ffc,hosiery.it,expiring,64,80,7,,10/11/2000 00:00,14/07/2025 00:00
d64c1369-ff70-4475-9887-2bb1d350664e,hosiery.me,available,64,80,7,,,
25674f70-f325-4397-b34a-480262be4818,hosiery.ninja,available,64,80,7,,,
d8df2b51-c402-4ff4-8667-b0e0a32c9eea,hosiery.pro,available,64,80,7,,,
c5ebb57c-50ba-416d-b7e7-d37ba0778ea0,hosiery.site,available,64,80,7,,,
c5f2b60b-39bc-4eda-bf82-a2dba9cd6502,hosiery.so,available,64,80,7,,,
aeaef03e-4ab0-4b8b-90c7-ce949557649f,hosiery.space,available,64,80,7,,,
20dbe552-630b-4601-85bf-0c2565a16e00,hosiery.store,available,64,80,7,,,
532e193e-ed75-42d3-a24c-a59b2bfb92b0,hosiery.tech,available,64,80,7,,,
80bbf04a-5dc2-4715-9877-58dee19b8e77,hosiery.xyz,resell,64,80,7,"Go Daddy, LLC",02/06/2014 17:19,02/06/2026 23:59
c437f850-96d9-4f67-9d7d-5621cb05459f,hosiery.zone,available,64,80,7,,,
c8f0fb8e-8a1a-4afe-a1a7-4ae2d94266ec,tights.app,available,72,76,6,,,
fe38cf26-aab4-4f47-ba03-59101d4eb0a7,tights.at,resell,72,76,6,InterNetX GmbH ( https://nic.at/registrar/80 ),,
b04fa879-4535-4bc0-94e2-5f5df48d64d1,tights.cloud,available,72,76,6,,,
75ec74e5-3267-4bcd-9eb9-bec37dd8a2b8,tights.co,expiring,72,76,6,Tucows Domains Inc.,20/07/2010 18:00,19/07/2025 23:59
244ff6ed-4804-4955-954a-378d01597f40,tights.dev,available,72,76,6,,,
6be712fc-2dad-4c22-afff-42424251ff58,tights.expert,available,72,76,6,,,
0cd8d2eb-5fac-4a6a-ab83-7dfdf94e4189,tights.gg,available,72,76,6,,,
124c697e-af30-4134-be35-3d319570109a,tights.io,resell,72,76,6,Porkbun LLC,26/08/2017 13:00,26/08/2025 13:00
07171c05-5c10-474f-b164-4e378097b7a9,tights.it,resell,72,76,6,,22/08/2014 16:00,07/09/2025 00:00
146fc964-5095-4b1b-9bda-cec11e73cda9,tights.net,resell,72,76,6,Epik LLC,20/03/2002 19:54,20/03/2026 18:54
2ac755f5-f66a-48f6-b40b-8a15c5af709c,tights.ninja,available,72,76,6,,,
f3b13fe4-095d-4ba3-8e8a-a4dc144691f3,tights.pro,expiring,72,76,6,One.com A/S,02/08/2020 14:31,02/08/2025 14:31
b3134a4a-9653-4cb5-b5e0-0c8728dba7f6,tights.site,available,72,76,6,,,
dc16010a-30d9-4882-b83a-ddf3351e77a2,tights.so,available,72,76,6,,,
ab2d5116-0795-4d71-aeea-98a6a9130c53,tights.space,available,72,76,6,,,
0be7900b-9553-44aa-b125-a617c1169430,tights.store,available,72,76,6,,,
8404e82b-87c2-4129-9892-4cbcb84d77a8,tights.tech,available,72,76,6,,,
1ec74444-82a9-4991-b06c-d18a8f857643,tights.xyz,resell,72,76,6,"Go Daddy, LLC",02/06/2014 16:33,02/06/2026 23:59
69366107-28c8-4e47-9c72-715deea9b10e,tights.zone,available,72,76,6,,,
7807a1bc-2b57-4242-a983-20ac769f6133,underwear.online,available,66,72,9,,,
aef3406a-74ff-4e24-ab51-1c730296f7df,underwear.us,expired,66,72,9,InternetX GmbH,03/06/2004 06:08,02/06/2025 23:59
43018bc5-b310-4937-bc33-b0e0179c3d46,underwear.tech,available,66,72,9,,,
7f3dd936-f37f-4e7b-a91a-983b6c28466e,underwear.store,available,66,72,9,,,
79f66443-baad-46d5-ba3c-93c6f829dc44,underwear.space,available,66,72,9,,,
a4eb1632-6663-4ac7-9c51-2f1212cc6544,underwear.so,available,66,72,9,,,
33a4aba4-12d1-400a-91fa-0a55081e4c42,underwear.site,available,66,72,9,,,
b365b2ca-7360-47f9-868a-d0c75036f9d4,underwear.pro,resell,66,72,9,"Soluciones Corporativas IP, SL",21/11/2007 00:00,21/11/2025 00:00
dde21512-586c-4b88-8165-43d40d91079a,underwear.ninja,available,66,72,9,,,
44b7f4c7-c106-412c-86d4-5f4363e927ff,underwear.me,expiring,66,72,9,DNPric.es,09/07/2008 17:10,09/07/2025 17:10
e326e7ab-40e0-4228-b489-b9f6cb8a2aa5,underwear.it,expired,66,72,9,,27/07/1998 00:00,29/06/2025 00:00
fdca2781-5f57-4cbd-9145-663d55ee62cb,underwear.io,expiring,66,72,9,Dynadot Inc,28/07/2019 10:15,28/07/2025 10:15
a47ed418-87c7-4bdd-821d-6f990fce0336,underwear.gg,available,66,72,9,,,
68159eb3-2a28-4d72-95f2-2d3dbb9312d1,underwear.dev,available,66,72,9,,,
3f063205-9991-425b-b95c-358f792a0a05,underwear.at,sold,66,72,9,Hetzner Online GmbH ( https://nic.at/registrar/225 ),,
9105d18d-70a9-4528-8eb3-b3308d8602ae,underwear.ai,resell,66,72,9,"NameCheap, Inc.",07/04/2020 16:21,07/04/2026 16:21
2684433f-be6a-4299-9a6c-12cf46ed01d5,briefs.at,available,74,80,6,,,
ffaf4efd-b821-4a92-aaca-d5657592c477,briefs.co,expiring,74,80,6,"GoDaddy.com, LLC",12/07/2022 17:00,12/07/2025 17:00
0bbeb778-818b-4bae-861c-d4a4d9187964,briefs.expert,available,74,80,6,,,
47ea7138-0e2e-4e54-9e0d-b2941972ad70,briefs.gg,available,74,80,6,,,
f4cd0a2e-c5ce-4286-8a82-380c463d8b48,briefs.it,resell,74,80,6,,27/01/2010 10:01,09/02/2026 00:00
f410380c-a29c-49c2-a402-209e8603449c,briefs.ninja,available,74,80,6,,,
0a1c176e-a4de-49d4-8654-a468f52bb22e,briefs.online,available,74,80,6,,,
e07b91b4-bc8d-4cc4-94a9-42c9a9f360c3,briefs.site,available,74,80,6,,,
f706f783-a4a9-42f6-a474-d73c25a6cda3,briefs.so,available,74,80,6,,,
5f5f7405-2e0b-496c-a146-e7c18916445f,briefs.space,available,74,80,6,,,
2e572bc5-e15f-498b-82ab-5d881d331483,briefs.store,available,74,80,6,,,
0c6e0eef-37b8-4acd-97d1-e512d3a1320d,briefs.tech,available,74,80,6,,,
1b0b9ed1-3829-470f-9f27-5e7fb6867d8b,briefs.xyz,resell,74,80,6,"Go Daddy, LLC",02/06/2014 16:34,02/06/2026 23:59
f3c41fbc-c4f4-4123-bf8e-d7334896f473,briefs.zone,available,74,80,6,,,
46f7c67c-4cb2-48f7-a20b-1fad7f871609,boxers.at,sold,74,76,6,Hosting concepts B.V. / Registrar.eu ( https://nic.at/registrar/648 ),,
479139e3-0f2a-418c-9e38-635caa79b6bf,boxers.dev,available,74,76,6,,,
deef15fc-298f-4b4c-863f-4719de0fa322,boxers.expert,available,74,76,6,,,
b9b7f05f-8d7f-4a42-b6d9-7455d2e45bd1,boxers.gg,available,74,76,6,,,
f18e6dc8-accc-43fc-b5ac-b8bc85b04a3d,boxers.io,resell,74,76,6,"GoDaddy.com, LLC",14/11/2018 10:15,14/11/2025 10:15
5b4e897d-6025-45ca-bb67-a5db83384667,boxers.it,resell,74,76,6,,09/02/2010 21:57,14/02/2026 00:00
442d2d74-e7cd-4f42-a45f-20187f684da0,boxers.me,available,74,76,6,,,
45098075-d83d-4cd7-8f74-dc3d18e2cb3c,boxers.ninja,available,74,76,6,,,
0fc3fa1f-2a7c-499a-a7c5-5f198b6772de,boxers.online,available,74,76,6,,,
c85ab212-d527-4cce-80bf-93c8ed25cea3,boxers.pro,expiring,74,76,6,Epik LLC,07/07/2023 17:04,07/07/2025 17:04
08c0399f-9788-4abd-957e-3815ed568319,boxers.site,available,74,76,6,,,
808c3ae1-859d-46a7-9df3-850017d3a380,boxers.so,available,74,76,6,,,
0cce1f35-242a-4597-93ca-0d46bb541068,boxers.space,available,74,76,6,,,
9399afc2-0239-4cbb-9bb0-bad20478f9e4,boxers.store,available,74,76,6,,,
11807fa3-c238-4296-8420-aa2999c507c4,boxers.tech,available,74,76,6,,,
75ec3b6b-eb3a-4f40-9987-32a334f0735a,boxers.zone,available,74,76,6,,,
bd02c043-b707-4649-9c9e-0dbfb0d12a47,BRAS.cloud,available,70,32,4,,,
c7afc126-8926-4f7c-ba38-da815bc6b234,BRAS.co,resell,70,32,4,"GoDaddy.com, LLC",21/10/2017 17:50,20/10/2025 23:59
8fd94e15-c83f-435b-9ac0-17da1aafe41f,BRAS.expert,available,70,32,4,,,
29e61abe-708b-4541-93db-993b998258e4,BRAS.gg,available,70,32,4,,,
d8703b8d-6e89-43a7-904b-718ca92d5aed,BRAS.io,expiring,70,32,4,"Sav.com, LLC",14/07/2018 13:31,14/07/2025 13:31
de465c1f-0e9c-4622-aa79-15492446f585,BRAS.it,resell,70,32,4,,08/01/2020 09:00,08/01/2026 00:00
ac823206-1b5b-43bc-a63d-e4ebb78e8009,BRAS.me,resell,70,32,4,Dynadot Inc,18/07/2008 02:23,18/07/2026 02:23
2a95bc10-3d35-4d11-a9ca-e5f4176e3d23,BRAS.ninja,available,70,32,4,,,
52d2312f-7d8b-4616-afc2-be8ad256436b,BRAS.online,available,70,32,4,,,
c17991e5-b243-4bad-9240-08f47a1674a1,BRAS.pro,resell,70,32,4,"Spaceship, Inc.",09/02/2022 15:02,09/02/2026 15:02
1d8953fd-5d9e-4d79-bb70-ee06859bf7c7,BRAS.site,available,70,32,4,,,
6dccc957-35f7-4e9c-b5a7-ea4f74487dd8,BRAS.so,available,70,32,4,,,
e7732801-3a3a-4533-8928-b360c02cad4f,BRAS.space,available,70,32,4,,,
19db1311-352b-404a-90c2-f7bb1990cc3f,BRAS.store,available,70,32,4,,,
11abe8d1-4b16-49b0-b8ee-20097c1c087d,BRAS.tech,available,70,32,4,,,
285023a6-1d44-4fff-a475-1e4b991130d7,BRAS.xyz,resell,70,32,4,"Automattic Inc. ",29/04/2021 02:49,29/04/2031 23:59
af620af7-e819-4f38-906c-ac25fac04549,BRAS.zone,available,70,32,4,,,
e9245c9c-f050-412f-b120-202080b2a5f7,panties.app,available,,32,7,,,
9203e27d-d311-412c-bdd0-2ebef70ee12a,panties.at,available,,32,7,,,
b8602a08-16bd-413f-9feb-2f8f54bcd573,panties.cloud,available,,32,7,,,
4fa85896-04c3-42e5-a513-3b2a708c9b0e,panties.dev,available,,32,7,,,
4e485785-8178-4075-b45e-8d3154cc9991,panties.gg,available,,32,7,,,
6bf04bb2-33a1-4d99-b84a-64e90279123b,panties.io,resell,,32,7,"NameCheap, Inc.",16/02/2017 00:30,16/02/2026 00:30
ac2f4276-7fe6-4203-9e66-be5716f0461e,panties.it,resell,,32,7,,14/09/2023 09:00,16/09/2025 00:00
fd974bce-2d0b-481e-a352-3379de2bcde6,panties.me,expiring,,32,7,Dynadot Inc,17/07/2008 18:30,17/07/2025 18:30
6e75a3c9-4d05-4906-b3b4-a64d534190f4,panties.ninja,available,,32,7,,,
0e93ddcc-0cdc-4876-a582-602a677a8efc,panties.online,available,,32,7,,,
f8ff9e8e-3374-48d9-b4f9-b8f30f489d64,panties.pro,expired,,32,7,"Sav.com, LLC - 41",25/04/2024 17:00,25/04/2025 17:00
1b3e069c-7e27-46b0-9287-412faa3eb0d3,panties.site,available,,32,7,,,
b96c5641-bde7-4d8b-a099-d84860d8e332,panties.so,available,,32,7,,,
ac292e86-fb75-43f1-8468-445c1966e10a,panties.space,available,,32,7,,,
d284bf63-9c02-4dcb-8194-924c5cb3f3aa,panties.store,available,,32,7,,,
d3c1c0cc-f5a9-4659-9e50-73d25498873a,panties.tech,available,,32,7,,,
945942fe-b177-4586-83c6-358e2f2f7ebf,panties.zone,available,,32,7,,,
90f3c945-cd45-4b01-bf39-a34a651fada6,sleepwear.ai,resell,60,72,9,Dynadot Inc,26/03/2025 21:37,26/03/2027 21:37
7a19f32d-02e9-4fb8-b8e0-cc7be55c1fcb,sleepwear.app,available,60,72,9,,,
7390b0f4-3e49-4b54-a463-feb5022f2a97,sleepwear.at,available,60,72,9,,,
bd3c6616-bee8-40de-b711-216f355bf52b,sleepwear.cloud,available,60,72,9,,,
b0deeb00-2883-40bc-a1e0-857fde7227e8,sleepwear.co,resell,60,72,9,InternetX GmbH,07/12/2014 18:13,06/12/2025 23:59
3e2791b7-8ecb-4987-b4e4-ecc4a69dea03,sleepwear.dev,available,60,72,9,,,
ce519340-6c82-4c38-9d57-ae5be4485192,sleepwear.expert,available,60,72,9,,,
a69186b9-e34f-4cf3-aa72-ac9d8bba0f50,sleepwear.gg,available,60,72,9,,,
2b440a94-6e20-4583-b70c-ddf5d326ea27,sleepwear.io,resell,60,72,9,"Sav.com, LLC",13/10/2023 23:46,13/10/2025 23:46
9d334a2a-04ba-42b1-9256-c38f7ada12f1,sleepwear.it,resell,60,72,9,,18/04/2010 19:51,11/05/2026 00:00
2def7386-ba97-47c0-acca-431fdbf1cb68,sleepwear.me,available,60,72,9,,,
35107a56-df65-4374-ae13-a014f2a8e883,sleepwear.ninja,available,60,72,9,,,
1d87deea-b008-45de-829c-fda9ae1c5c95,sleepwear.online,available,60,72,9,,,
c9c67d22-18a2-4f73-8326-085ac4d2869e,sleepwear.pro,resell,60,72,9,"Soluciones Corporativas IP, SL",21/11/2007 00:00,21/11/2025 00:00
a1be896b-ed37-473d-b574-3c25529cca58,sleepwear.site,available,60,72,9,,,
a3002412-3da7-406b-8383-34a220718060,sleepwear.so,available,60,72,9,,,
1a3a2931-6b71-4b9d-aa6b-98333f9b8153,sleepwear.space,available,60,72,9,,,
c198a808-cc73-4be5-9bdf-b5834028e32f,sleepwear.store,available,60,72,9,,,
e2854848-632f-44ec-a1bd-8e413e4f2129,sleepwear.tech,available,60,72,9,,,
ce0a9a73-07bc-4926-ba4a-45be3c09a3a9,sleepwear.zone,available,60,72,9,,,
9b08ad68-4cd3-48da-8f34-293d7564cfd2,loungewear.ai,available,62,80,10,,,
2b0fc746-c5ef-48d8-a2ed-af31111a5497,loungewear.app,available,62,80,10,,,
7f9ac6b0-b9d2-42f7-bdff-38001a0af5ff,loungewear.at,available,62,80,10,,,
6934a74e-5b45-41f5-b6db-8fcedec5903c,loungewear.cloud,available,62,80,10,,,
7b774508-ba86-4524-a8c0-a7306ca051da,loungewear.dev,available,62,80,10,,,
e3eff752-b53a-406f-83c2-1ca94ba5147c,loungewear.expert,available,62,80,10,,,
ac043192-9e33-496e-aeba-fc1b782ec195,loungewear.gg,available,62,80,10,,,
d8993b8a-1ace-48e4-86e4-20292daf249e,loungewear.io,available,62,80,10,,,
dd7dd3b2-d3a6-400f-bb4e-a56f75e35bf6,loungewear.net,premium,62,80,10,Annulet LLC,04/03/2003 19:03,04/03/2026 19:03
4da4453c-027a-4286-9046-e30c502686ac,loungewear.ninja,available,62,80,10,,,
b0c29628-9fea-478b-b8cb-6bb3dbddcc00,loungewear.online,available,62,80,10,,,
ebdbe678-b567-4fdf-9774-9b5a0c8f29ff,loungewear.pro,available,62,80,10,,,
4ed98755-51fb-46ff-86b7-025290c3614f,loungewear.site,available,62,80,10,,,
4f3a384f-6192-41d6-9fc2-7ea77f0b660d,loungewear.so,available,62,80,10,,,
35377cf9-e31e-4855-91cd-e8c88ec81a9d,loungewear.space,available,62,80,10,,,
8aff4eaa-76f4-448f-b0a0-5737c0276dba,loungewear.store,available,62,80,10,,,
daf30e36-1bfe-4d8d-9d81-652150a6f13b,loungewear.tech,available,62,80,10,,,
2378f01b-aa15-4b7a-8612-e49d67f4d370,loungewear.us,expired,62,80,10,Tucows Domains Inc.,06/05/2024 23:18,06/05/2025 23:18
5c8de393-ef5a-47e0-bf23-f2e924bf8f57,loungewear.xyz,resell,62,80,10,Alibaba Cloud Computing Ltd. d/b/a HiChina (www.net.cn),13/02/2025 05:08,13/02/2026 23:59
f9ad6339-9fac-4234-958f-aedc6cf1837a,loungewear.zone,available,62,80,10,,,
a5010b4a-a2b1-41a1-b628-a9ba0349d930,robes.ai,available,,24,5,,,
dc3414ee-25bc-4396-a16e-31b950537870,robes.at,resell,,24,5,Realtime Register B.V. ( https://nic.at/registrar/423 ),,
65d2b85d-aab4-48b0-9af5-65fbf500303c,robes.cloud,available,,24,5,,,
cb0c7506-159d-4055-bae3-df77c03149fe,robes.co,resell,,24,5,InternetX GmbH,19/11/2016 18:59,18/11/2025 23:59
89dbd720-d71f-4243-9de2-d4527aa2d154,robes.dev,available,,24,5,,,
97c3a45d-a132-4807-aef2-453cc79ea9a8,robes.expert,available,,24,5,,,
6697ba3c-1fdc-4ba1-a58c-7b5a23d2a441,robes.io,available,,24,5,,,
d960047c-009e-442c-bcf9-170fb14cfdae,robes.me,available,,24,5,,,
942c5c23-9a47-4bb1-8436-9b48c7e684cb,robes.net,expiring,,24,5,"GoDaddy.com, LLC",28/07/1999 01:27,28/07/2025 01:27
e9fadef0-588f-47ba-b9dc-5c24aab85039,robes.ninja,available,,24,5,,,
0bac906a-3454-450b-bfcd-07cbde6b999b,robes.online,available,,24,5,,,
77fb804c-b178-45bd-af2a-e48b9c2cc71b,robes.org,resell,,24,5,InterNetX GmbH,13/11/2002 14:43,13/11/2025 14:43
2936c470-9f20-44ad-8a9a-b84994699f42,robes.pro,available,,24,5,,,
ce829aa3-99c5-4077-8b35-1f9d74f82332,robes.site,available,,24,5,,,
ab318a08-0aeb-4bad-b0c4-17df35369196,robes.so,available,,24,5,,,
40b7574a-6796-432d-b2aa-cfd51d423b2b,robes.space,available,,24,5,,,
18282291-4158-4be1-b07e-07b453b9a221,robes.store,available,,24,5,,,
9e7ed67d-a73b-4d86-92a4-81f14ce3d13b,robes.tech,available,,24,5,,,
eb6db097-9eb7-4290-9854-dd8405317229,robes.zone,available,,24,5,,,
8bd5944f-a11b-4893-b122-7e6ede7b25bb,workwear.at,available,56,80,8,,,
afd60c41-0088-486b-ad7a-d324c030cc04,workwear.tech,available,56,80,8,,,
9edcb7e9-69b4-4c1b-b078-ef38459357a7,workwear.cloud,available,56,80,8,,,
f344f306-f261-4adc-be46-ef547586614b,workwear.gg,available,56,80,8,,,
7e49dbe2-faa5-49ff-a0e6-c516d11b7a39,workwear.it,resell,56,80,8,,05/01/2011 12:31,05/01/2026 00:00
81ec88d3-3e09-46c7-bec2-f11ebd10503b,workwear.me,resell,56,80,8,Dynadot Inc,19/03/2025 06:00,19/03/2026 06:00
e035bd8e-98d4-4578-bc48-bb11a93531fa,workwear.site,available,56,80,8,,,
aeced225-bccb-44ed-b5f9-6c96364fdb33,workwear.so,resell,56,80,8,Dynadot LLC,03/12/2024 21:52,03/12/2025 21:52
12bcc842-70ac-4a10-a57f-8782304650a1,workwear.space,available,56,80,8,,,
2b92ede9-4e28-4056-a218-2b09fbaf1cbf,workwear.store,available,56,80,8,,,
587b918d-a97a-4a0a-af55-396768ed250f,wear.my,available,70,,4,,,
bff784eb-198c-402a-9b25-934f75abb3bb,wear.ac,available,70,,4,,,
70d26386-94f9-4fc6-bcfa-4bed44e011a4,wear.ag,available,70,,4,,,
9d7b2b34-9f98-4ad4-9c77-59adcf7acd84,wear.dev,resell,70,84,4,"GoDaddy.com, LLC",12/03/2021 10:37,12/03/2026 10:37
85c0f55c-5d7e-401e-bc54-defef87010cc,wear.expert,available,70,84,4,,,
8ff7563b-6555-491f-b3b2-f7aa5d8af568,wear.gg,resell,70,84,4,"Spaceship, Inc (https://www.spaceship.com)",,
02e3483d-487d-4444-badd-6c99d72e360a,wear.im,available,70,,4,,,
63dca50e-5496-4f46-be38-333cdf69d5a3,wear.io,resell,70,84,4,Dynadot Inc,03/08/2013 03:11,03/08/2026 03:11
bec2056e-7459-479b-a986-bb7003f27216,wear.la,resell,70,,4,.LA Founders Premium Program,08/03/2016 01:27,08/03/2026 23:59
8310045b-81b3-470c-bd69-4a217a77e883,wear.me,sold,70,84,4,Key-Systems GmbH,18/07/2022 17:08,18/07/2026 17:08
61aaf56f-5ff4-42c4-9aca-a5df42dbf924,wear.ninja,available,70,84,4,,,
2e5c3d35-92cd-481e-9f28-feea85aaed43,wear.online,available,70,84,4,,,
dcb4eb35-9ccf-4251-bbbc-85fc2bafaaf7,wear.store,available,70,84,4,,,
05021f83-46b7-4123-9631-93613afa78b4,wear.tech,available,70,84,4,,,
85556956-97bd-48d8-9c4a-b35b6a63b375,wear.us,resell,70,,4,"GoDaddy.com, LLC",02/06/2004 18:15,01/06/2026 23:59
b7354ee6-e438-4aa8-9460-52971de21415,wear.vc,resell,70,,4,Dynadot Inc,17/08/2020 23:45,17/08/2026 23:45
6fa1dbea-4f38-480c-9fb0-fd61a74e6581,wear.site,available,70,84,4,,,
7e0b21a7-5d1f-455a-8953-805f459338a5,wear.so,resell,70,84,4,SOSTEC TECHNOLOGIES_LR,27/04/2024 05:01,27/04/2026 05:01
ab158997-862c-4073-b87c-6996fb4dc205,beachwear.ai,resell,62,76,9,"NameCheap, Inc.",19/06/2024 19:29,19/06/2026 19:29
6dd19482-19c7-43fa-a079-39b0f1b2b063,beachwear.app,available,62,76,9,,,
e1e0e6c3-931d-4167-8728-778f91161372,beachwear.cloud,available,62,76,9,,,
b1235177-ae9e-4ca6-bf3a-3e05662a1b74,beachwear.co,resell,62,76,9,Dynadot Inc,07/10/2011 01:30,06/10/2025 23:59
6e9172e3-d812-4cca-83d9-567e27d5c7c9,beachwear.dev,available,62,76,9,,,
02d81471-9091-4b18-abfb-f8cfff3ce764,beachwear.expert,available,62,76,9,,,
bc7b3250-0b9f-4a66-a4b8-78ac43d24ed2,beachwear.gg,available,62,76,9,,,
8b76fa62-4a9b-4213-aa57-e60aaf93efb2,beachwear.io,expiring,62,76,9,"Sav.com, LLC",03/08/2021 14:31,03/08/2025 14:31
843e23d8-8f16-455c-816a-04c4c48b3bc1,beachwear.it,expiring,62,76,9,,15/09/2000 00:00,14/07/2025 00:00
3d8c00e5-099d-4279-87ac-a0768da2c4f4,beachwear.me,expiring,62,76,9,OVH SAS,17/07/2008 22:32,17/07/2025 22:32
fcacdea1-de80-461b-8c44-465f8b09bc9b,beachwear.net,resell,62,76,9,"TurnCommerce, Inc. DBA NameBright.com",18/05/1999 22:35,18/05/2026 22:35
11c0779c-4a9c-4bb8-8728-36261e10d02e,beachwear.ninja,available,62,76,9,,,
76a98166-b5f4-46bf-97a5-6a0d61f32722,beachwear.online,available,62,76,9,,,
1ba6d073-6077-4904-98bf-64f89d892013,beachwear.pro,available,62,76,9,,,
c91df67e-c2c8-4f71-bf5e-510e092c9f2a,beachwear.so,available,62,76,9,,,
33525405-bdf5-440e-a1a6-41676583a8dc,beachwear.space,available,62,76,9,,,
e20ba0de-72e4-47e8-8912-5eb23b84d21f,beachwear.store,available,62,76,9,,,
c4ae8340-a285-45c6-8ce9-4b7587d0dd26,beachwear.tech,available,62,76,9,,,
e687fca1-bc99-4a8f-b3b8-b0363c1319a1,beachwear.zone,available,62,76,9,,,
1a5e5c2b-7e12-4b31-b113-f3b5c480e3b8,rainwear.ai,available,,72,8,,,
602c0f99-960f-48d7-a120-edb3a004f063,rainwear.app,available,,72,8,,,
3416cc4d-fa99-4cc7-8c4f-5c23a9edc2f0,rainwear.at,available,,72,8,,,
de189733-188d-4071-9300-9cc36891f534,rainwear.cloud,available,,72,8,,,
ca5a2699-acf1-445f-b821-5f2706e87a19,rainwear.co,expiring,,72,8,Sav.com LLC,16/07/2024 05:17,16/07/2025 05:17
ba11b614-0aa8-4c65-965a-e3b8b1589e5c,rainwear.dev,available,,72,8,,,
fcb8c42f-bf97-431e-8717-dcd239f954d7,rainwear.expert,available,,72,8,,,
723356c9-dca5-433d-887f-30ffb78f7465,rainwear.gg,available,,72,8,,,
f7bd5932-6041-42fd-87f2-869ee7eee928,rainwear.io,available,,72,8,,,
e8f8376f-1473-4e9b-a1a2-33025066959b,rainwear.it,expiring,,72,8,,30/06/2010 18:42,02/08/2025 00:00
150ea7e4-8584-4039-a449-a8073851591d,rainwear.me,available,,72,8,,,
e5b5263b-b77c-4490-bc15-f1c8a96eec9e,rainwear.net,resell,,72,8,"Sav.com, LLC",20/05/2002 18:21,20/05/2026 18:21
020472cd-4d76-4b03-bc64-20c122fa89e9,rainwear.ninja,available,,72,8,,,
898cadc6-46b7-4d8e-a82b-c87c4299ac0c,rainwear.online,available,,72,8,,,
8126b9e3-3963-4ac9-9280-76c332918e2a,rainwear.pro,available,,72,8,,,
2be82a31-5230-46a3-816f-b07bb78da76d,rainwear.site,available,,72,8,,,
180e06c7-2075-43c8-930f-31cce6aae895,rainwear.so,available,,72,8,,,
7eb42072-55b8-424c-a814-2d487c7bcdf0,rainwear.space,available,,72,8,,,
5b9eb949-aa89-4e65-87f4-3e77e91bab3f,rainwear.tech,available,,72,8,,,
fd95ccf3-3950-4096-a440-abd7aab1d96e,rainwear.zone,available,,72,8,,,
7439a1cd-d40f-4b50-b2c4-486c6b79bd05,eyewear.at,available,60,84,7,,,
15d09702-c40a-4e18-b020-c480922457d4,eyewear.cloud,available,60,84,7,,,
e5d12248-0b6f-45d8-a9d0-f907c3385c8d,eyewear.co,expiring,60,84,7,"GoDaddy.com, LLC",21/07/2010 21:24,20/07/2025 23:59
5c9d3ed7-667a-4d04-97dc-c86f357f089e,eyewear.dev,available,60,84,7,,,
45468221-ed31-4c83-9c3b-618916b9059b,eyewear.me,expiring,60,84,7,"GoDaddy.com, LLC",09/07/2008 17:03,09/07/2025 17:03
e0896673-3d54-4321-be64-437c151c27dd,eyewear.net,resell,60,84,7,"DNC Holdings, Inc.",15/04/1996 04:00,16/04/2026 04:00
76ea7156-d6a3-4a9a-9152-5d5ec566162d,eyewear.ninja,available,60,84,7,,,
05b2221c-76f2-40ad-b5a0-9e04d253e76d,eyewear.online,available,60,84,7,,,
bec380c0-3405-4b88-bb28-13f92ad9092e,eyewear.site,available,60,84,7,,,
543c488c-0c83-4f9a-b7b1-9c43f78d2ac9,eyewear.so,available,60,84,7,,,
e283a1bd-b566-4b4c-a5c4-a3e18cfec479,eyewear.space,available,60,84,7,,,
1503d30d-7bd8-4267-8da6-0c0cb8c1c273,eyewear.store,available,60,84,7,,,
fac5748a-f63a-4b8a-8457-b676246b3cca,eyewear.tech,available,60,84,7,,,
87d7d636-f38c-464b-a367-b14979888eb3,sunglasses.at,available,64,80,10,,,
31ed2081-0ae6-4326-81a1-35179190a362,sunglasses.cloud,available,,80,10,,,
1d3c7cd9-6539-4782-b1a8-a71682cf3c6b,sunglasses.co,resell,64,80,10,"GoDaddy.com, LLC",24/02/2010 23:38,23/02/2026 23:59
a1ee75ba-2df4-420e-af9d-1c3b6eb3546e,sunglasses.dev,available,,80,10,,,
3805f560-8776-4f44-83f8-b3879720e0e6,sunglasses.expert,available,,80,10,,,
8a3f9178-36e0-439f-876c-fcad054eecab,sunglasses.it,expiring,64,80,10,,27/07/2007 13:43,27/07/2025 00:00
76fc9dd3-34ee-4819-b2fc-16406487f4d6,sunglasses.ninja,available,,80,10,,,
26175bad-8364-45c9-9f17-f8e8dc7735b9,sunglasses.online,available,,80,10,,,
e2ed55dc-a0c1-4310-8627-41d2fdc6f774,sunglasses.org,resell,,80,10,"GoDaddy.com, LLC",12/05/2019 14:30,12/05/2026 14:30
c0a12e31-1407-4515-a50a-bafb2e4f6f3d,sunglasses.site,available,,80,10,,,
23486adc-1d95-49c7-a687-4bacc0b9a628,sunglasses.so,available,64,80,10,,,
2a565698-b3e2-42cd-b086-64b9c74fba0c,sunglasses.space,available,,80,10,,,
1b43385a-f565-4a60-b08a-b30de428baee,sunglasses.store,available,,80,10,,,
b3f977ab-f2f5-4721-bfa0-e418a5ec71a8,sunglasses.tech,available,,80,10,,,
077e4cbf-965c-448b-bf1e-ac9bcd1ae0bd,sunglasses.us,sold,64,80,10,Dynadot Inc,11/07/2018 00:11,11/07/2026 00:11
55610cc1-3e9c-4e4a-bb74-17513f2c6435,sunglasses.zone,available,,80,10,,,
2483459b-8c78-4181-b843-df14c5450752,watches.store,available,,88,7,,,
ba994b8c-2684-4238-9fb5-856dfc5b7d4e,watches.zone,available,,88,7,,,
7154ddfd-3a85-4c39-a07f-33f44f90101b,watches.tech,available,,88,7,,,
06862fcf-2952-4d11-aa03-9592eb3912f6,watches.space,available,,88,7,,,
9b8e0153-9602-47dc-abc5-e45bec70b3c4,watches.site,available,,88,7,,,
a4d3a6f7-b058-4f71-af31-9870d658c68a,watches.online,available,,88,7,,,
b2d013f0-295a-499e-b591-6803c4ad292f,watches.me,expiring,,88,7,"GoDaddy.com, LLC",09/07/2008 17:10,09/07/2025 17:10
728fa406-785b-4547-93fe-0c2807d82049,watches.it,expiring,,88,7,,10/06/1997 00:00,10/07/2025 00:00
1a38a520-c6ad-45ec-a5fc-4cf27d782eae,watches.expert,available,,88,7,,,
607276cf-e07d-412f-974a-d12439374174,watches.dev,available,,88,7,,,
e2da43d6-bb73-42b0-ba87-0e7ca32ea783,watches.cloud,available,,88,7,,,
ef78a3da-cc19-47fa-83d8-e37bfd093e09,watches.at,sold,,88,7,Host Europe GmbH ( https://nic.at/registrar/168 ),,
33329218-ad2c-4f7a-9b75-763b7a783d7b,belts.cloud,available,40,48,5,,,
68cf8205-df32-4c82-8395-d47d6bda0d9c,belts.dev,available,40,48,5,,,
65c14b03-8fed-4d79-97b7-7c5b87fe7d49,belts.expert,available,40,48,5,,,
803343b1-24ad-4916-ae90-e292244ba766,belts.gg,available,40,48,5,,,
fe170be0-5db7-43e0-8f7d-cbdd8ad4b479,belts.ninja,available,40,48,5,,,
fabf5ac3-c762-4ac8-abc6-089d408eedfa,belts.online,available,40,48,5,,,
3d1c42c1-e9bd-4854-a615-44c81fb2dd0d,belts.pro,resell,40,48,5,One.com A/S,08/04/2024 17:00,08/04/2026 17:00
6c2fee52-332b-409f-80b2-0415b91ef954,belts.site,available,40,48,5,,,
1688730b-abbb-4b16-92b1-7fdf7bd03775,belts.so,available,40,48,5,,,
105b1c03-9214-4046-ba27-c6c14f285226,belts.space,available,40,48,5,,,
bf3074a7-6a62-4f2d-b3e9-5163b62489c2,belts.store,available,40,48,5,,,
729c83b7-6d0e-427c-8f04-99717fe49c23,belts.tech,available,40,48,5,,,
a3a725a6-a849-4620-b5be-2c2b9d93a134,belts.zone,available,40,48,5,,,
7a87ae62-bc3e-40bc-a2c0-1d3d8ff6a3ea,hats.app,expiring,36,52,4,Namecheap Inc.,20/07/2024 02:28,20/07/2025 02:28
416d91c8-fe3a-43d7-97fe-adb49ae91bf4,hats.at,available,36,52,4,,,
5bec17c7-8a25-4fc3-a5e6-fbff9f7b09e2,hats.cloud,available,36,52,4,,,
ed73b104-ca09-4041-b8c6-4a40143ee625,hats.dev,available,36,52,4,,,
1435ffce-22b6-42b2-88cc-c63a8583aae6,hats.expert,available,36,52,4,,,
429ede72-c4eb-4b28-ba35-10e1b56f77c8,hats.gg,available,36,52,4,,,
34b6885f-be4e-4b2f-9d55-7d5ab224ecc0,hats.online,available,36,52,4,,,
f072c5cd-4f5f-4ba7-9393-e8a6919c16a1,hats.site,available,36,52,4,,,
f7666dc9-9763-4091-82dc-22f8a7090609,hats.so,available,36,52,4,,,
c6d9098d-8dd3-4fa3-b97f-5712429f6456,hats.space,available,36,52,4,,,
ef0a28c5-2452-4208-a9ee-7544fd64b0d0,hats.store,available,36,52,4,,,
c1dd4916-75a9-46af-9698-6281906a463c,hats.tech,available,36,52,4,,,
0c6adeee-be37-4ab1-bc0f-f1d4dbecb17b,caps.cloud,available,66,80,4,,,
3d5576ee-531e-445d-ab7a-9b48a47eeac4,caps.co,expiring,66,80,4,"GoDaddy.com, LLC",20/07/2010 17:59,19/07/2025 23:59
af2582b9-974d-4b4f-af31-0cf724b15e40,caps.expert,available,66,80,4,,,
78bc177c-d9aa-447e-98ad-974d23e0e742,caps.it,resell,66,80,4,,27/05/2008 09:05,15/06/2026 00:00
2c7271d5-be7a-4c49-9b29-28d44ff45d1c,caps.me,resell,66,80,4,Dynadot Inc,18/03/2017 01:05,18/03/2026 01:05
17de8dad-7d4b-4a13-bcf6-429785d22954,caps.ninja,expiring,66,80,4,Squarespace Domains II LLC,03/08/2015 11:16,03/08/2025 11:16
31e25979-1267-40b0-96ac-b2e35e4c03ba,caps.online,available,66,80,4,,,
f7a13650-1011-4ae7-846a-011e9e1cb5ec,caps.site,available,66,80,4,,,
ad5ffdc4-b7a0-42d6-86b9-9502f186d986,caps.so,available,66,80,4,,,
53b4bb63-f656-4547-8e4d-73ef0bebe1b8,caps.space,available,66,80,4,,,
64f0a8b9-c8a2-4d76-9f55-940101aaf51a,caps.store,available,66,80,4,,,
9bf58e16-1643-4fe5-b312-f023a478655b,caps.tech,available,66,80,4,,,
5f1e02a4-0152-465d-937b-3c564077e4e7,caps.us,resell,66,80,4,"GoDaddy.com, LLC",12/11/2011 18:01,11/11/2025 23:59
7c30de3a-5894-4fa7-9a17-7bb348e65928,caps.zone,resell,66,80,4,Domain Science Kutatsi Szolgltat Korltolt Felelssg Trsasg,01/05/2025 15:15,01/05/2026 15:15
5ea7405a-f1fb-4f31-ab04-bed1e184c93e,ties.app,expiring,,36,4,West263 International Limited,28/07/2020 05:18,28/07/2025 05:18
f829c084-3807-4755-ac88-1c3b9f5ecc88,ties.dev,available,,36,4,,,
c3c106a9-597e-4f03-8563-ba876bf70c32,ties.expert,available,,36,4,,,
92ec3dbe-b4b8-42da-91f4-23ebcd26c24a,ties.gg,available,,36,4,,,
77d69e0d-7a8c-4ab3-98f8-83cbb0fc0863,ties.me,expiring,,36,4,"GoDaddy.com, LLC",17/07/2008 18:12,17/07/2025 18:12
b87d4208-b046-4258-9841-069d1e38ef3a,ties.ninja,available,,36,4,,,
46ad0802-0aca-4983-937a-54aee4587bcb,ties.online,available,,36,4,,,
5015824a-0333-40b7-ba55-62e611d6c5e4,ties.pro,resell,,36,4,Epik LLC,31/05/2023 17:00,31/05/2026 17:00
5a1ed125-b4e7-4f0b-ae5d-9a20df9ad01f,ties.site,available,,36,4,,,
94206aa0-8b4e-438c-be07-c8627b7b9e84,ties.so,available,,36,4,,,
4af1e419-af88-4ff5-9a04-37efb874ad22,ties.space,available,,36,4,,,
59283d25-2ba4-4617-935f-aa37aba6702c,ties.store,available,,36,4,,,
b288ccf1-e02a-4fd9-a62a-e47bd0aa6e9c,ties.tech,available,,36,4,,,
81f63a31-0a97-4df7-89ca-8577239a192d,ties.us,resell,,36,4,Key-Systems GmbH,24/04/2002 14:10,23/04/2026 23:59
5f309be8-a1d1-43f8-b206-b06fab39ab73,ties.xyz,resell,,36,4,"Go Daddy, LLC",03/06/2014 02:11,03/06/2026 23:59
3faaa774-486b-42cd-8df5-8795ffbb8038,ties.zone,available,,36,4,,,
681d8ec1-b7c0-42b4-b383-0bda6cf91a69,scarves.ai,available,,28,7,,,
420f0a8b-2f33-42cf-ba24-1ba89e58065e,scarves.app,available,,28,7,,,
be675014-124d-4b24-a09a-68514a7bcae9,scarves.at,available,,28,7,,,
e032d6bc-20de-4c98-8536-702e4c0b86cc,scarves.cloud,available,,28,7,,,
70f45215-01a1-468c-833b-d6ed9deb92d8,scarves.co,expiring,,28,7,"GoDaddy.com, LLC",20/07/2010 18:10,19/07/2025 23:59
95c53fd1-a494-40f1-85f2-9834a94f18d4,scarves.dev,available,,28,7,,,
c53e0ecb-d164-49b5-a0ae-073f25d1684e,scarves.expert,available,,28,7,,,
21b1e47b-ff8d-49b7-b4fd-fcc6de10db1b,scarves.gg,available,,28,7,,,
9e7d9f28-710a-4442-9a31-530a0c016a2a,scarves.it,resell,,28,7,,22/04/2011 07:12,11/05/2026 00:00
e494e3be-8895-43d7-b833-e0eca75719f6,scarves.ninja,available,,28,7,,,
8e63c43b-0b7d-4318-82f7-b4b898e39b01,scarves.online,available,,28,7,,,
53da308b-b5b3-42e0-8068-d6256422fc4f,scarves.pro,available,,28,7,,,
2ec2463b-cab3-498e-b550-d3cb4ba6315d,scarves.site,available,,28,7,,,
fd8098af-6ffe-466b-99ba-7130825095db,scarves.so,available,,28,7,,,
3dc3ae2a-ba8f-49e1-b598-87a36114a78f,scarves.space,available,,28,7,,,
0498dd32-2fba-47b9-8c4d-9f6eb3feabe5,scarves.store,available,,28,7,,,
8281d4d8-34a7-4237-ab2d-4085bf399faf,scarves.tech,available,,28,7,,,
6e9d403b-55de-41c5-a80f-81864cba64b2,scarves.zone,available,,28,7,,,
b7129738-8c29-480f-8ecc-e263ac42d6ad,gloves.ai,resell,46,32,6,Dynadot Inc,19/11/2021 22:33,19/11/2025 22:33
f2e67949-e6fc-4d52-9bd3-1933ef90aafd,gloves.app,resell,46,32,6,"GoDaddy.com, LLC",25/05/2018 18:27,25/05/2026 18:27
96ef7e5d-a1a1-49bd-a386-28466d961c9c,gloves.at,available,46,32,6,,,
675e26ad-cb1b-4180-adbf-106ac243d7a9,gloves.cloud,available,46,32,6,,,
929ba38a-ff89-4af5-90d2-cbcebe25d05a,gloves.dev,available,46,32,6,,,
2fa5370d-b270-4b47-b231-7ce0f2d60969,gloves.expert,available,46,32,6,,,
17f44e24-45ff-4625-978b-a40601dd8701,gloves.io,resell,46,32,6,"GoDaddy.com, LLC",23/05/2016 00:30,23/05/2026 00:30
b7ec9836-0785-4ea0-bd17-58ce2edde4d6,gloves.me,expiring,46,32,6,"GoDaddy.com, LLC",17/07/2008 17:35,17/07/2025 17:35
51c7539d-5c52-4d7a-b08e-0b42fca0bb11,gloves.ninja,available,46,32,6,,,
5b90bfcc-e0ae-4c26-8c9a-5a56813be89a,gloves.online,available,46,32,6,,,
d738a8ae-03a5-477f-b4a6-17fd03744c72,gloves.pro,expiring,46,32,6,One.com A/S,03/08/2021 14:30,03/08/2025 14:30
63d4dbe2-2c1b-43da-b13f-864b7aa96074,gloves.site,available,46,32,6,,,
756581ad-4489-40da-bb46-0721b82c609f,gloves.so,available,46,32,6,,,
aa5bc5e0-d481-41e3-93b8-e07ce5ec6460,gloves.space,available,46,32,6,,,
e95b1849-69c1-46e3-b3be-06e7624154a5,gloves.store,expiring,46,32,6,"Go Daddy, LLC",02/08/2022 05:28,02/08/2025 23:59
b9e3c028-bf44-4204-acc2-884818686640,gloves.tech,available,46,32,6,,,
57ad2ab1-0b30-4382-9755-4953edb2a05f,gloves.zone,available,46,32,6,,,
87af0cfc-3ce3-4af0-8381-81a5d011f8b2,ready.ac,available,78,,5,,,
3bb1e4fd-e6ee-4d7d-bb89-6b59cd77ce59,ready.ag,available,78,,5,,,
a4471110-568e-426e-af96-6c7873eb9155,ready.cloud,available,78,92,5,,,
3d97c227-9c76-4162-beec-c5219fc35f11,ready.expert,expiring,78,92,5,Porkbun LLC,01/08/2024 21:07,01/08/2025 21:07
8ba90c5d-02c9-4e09-8890-fe6970f132ff,ready.im,available,78,,5,,,
80e71c13-4099-4e9f-8018-4f3672491e89,ready.it,sold,78,92,5,,22/03/1996 00:00,20/05/2026 00:00
7b339bef-1498-43e3-aae5-e4bb09f741b1,ready.la,resell,78,,5,LA Domain Names,30/10/2017 08:01,30/10/2025 23:59
8e1a8db6-8784-47af-98a5-deeef3c56235,ready.my,available,78,,5,,,
2511c467-91fe-44b1-852a-e4565cd3989c,ready.site,available,78,92,5,,,
da50b650-9743-4218-bccc-816c998d14c2,ready.space,available,78,92,5,,,
0ab83bca-c12b-4c01-ab52-f4434adaa643,ready.store,available,78,92,5,,,
f50ce515-5f81-4f01-89b1-747136c6ea58,ready.tech,resell,78,92,5,"Name.com, Inc",13/08/2015 03:23,13/08/2025 23:59
b7861962-36b3-49eb-913a-d3542a3330fa,ready.us,resell,78,92,5,"GoDaddy.com, LLC",24/04/2002 14:05,23/04/2026 23:59
082163df-15b5-4339-b245-1c90ece43532,ready.vc,resell,78,,5,Dynadot Inc,17/06/2020 01:10,17/06/2026 01:10
54e58b8c-5b8e-4b40-a636-271211c015c6,rings.cloud,available,68,80,5,,,
caa6317b-3892-465a-b2ea-ce7ef529fe23,rings.co,resell,68,80,5,"GoDaddy.com, LLC",25/02/2010 00:48,24/02/2026 23:59
5086234b-a615-4647-bb9c-976f054322a1,rings.dev,available,68,80,5,,,
317b69b5-a6a9-46f4-8f1a-27dd0daec454,rings.expert,available,68,80,5,,,
9dbd9a3b-2dec-48e3-96ed-c8e1bfd92208,rings.gg,available,68,80,5,,,
ea7bd7f2-aed8-420f-906a-6af0369f45d5,rings.it,resell,68,80,5,,07/01/2002 00:00,25/11/2025 00:00
2adfe127-22ea-4576-ac13-4fe0486e051e,rings.ninja,available,68,80,5,,,
874dec6a-2803-4dad-a617-f2bac5d365fd,rings.online,available,68,80,5,,,
dc8adf7b-7b92-4f15-bee9-5650867b3ca2,rings.org,resell,68,80,5,Moniker Online Services LLC,20/11/2002 19:03,20/11/2025 19:03
07536fdb-e63c-41c4-8a40-4ea0b910ae96,rings.site,available,68,80,5,,,
7729b5d7-3721-41b9-8992-b5f7cdfa028f,rings.so,available,68,80,5,,,
5f41d8d4-23e8-473f-b760-3b4acd6c4d0d,rings.space,available,68,80,5,,,
6eee8711-06b1-4483-859d-f21a21918d47,rings.store,available,68,80,5,,,
65597bc4-42c8-4543-ba7f-78bccd21e479,rings.tech,available,68,80,5,,,
0c8392e3-30cc-4290-bf33-5d989de24664,rings.us,resell,68,80,5,"Name.com, Inc.",24/04/2002 14:03,23/04/2026 23:59
06bb49ca-21a0-427c-8fab-909225804edb,rings.zone,expiring,68,80,5,CommuniGal Communication Ltd.,30/07/2024 17:00,30/07/2025 17:00
624a6926-ed92-4763-a860-e3ef401a6ecd,necklaces.app,available,,28,9,,,
29cfea02-0120-439d-a723-1d88e1e032b7,necklaces.at,available,,28,9,,,
53414ec6-9405-43cd-8bca-193a03a3b7d0,necklaces.cloud,available,,28,9,,,
91060c46-4e47-42ec-8b1e-17dc350f29fb,necklaces.co,expiring,,28,9,"GoDaddy.com, LLC",21/07/2010 20:24,20/07/2025 23:59
411f8899-3167-47bb-8b81-220443e7de4c,necklaces.dev,available,,28,9,,,
5742346e-2a43-4f7c-b1b1-d667823818f9,necklaces.expert,available,,28,9,,,
75d5243b-d5ba-4be9-bedc-73047b587ff6,necklaces.gg,available,,28,9,,,
b7dbad22-37be-4938-9659-fb47d2f16e64,necklaces.me,expiring,,28,9,Key-Systems GmbH,19/07/2008 03:41,19/07/2025 03:41
85a61175-56e9-481d-ba4b-e949e0f60112,necklaces.ninja,available,,28,9,,,
7e7dbfc5-f958-4a43-9c02-6410dbc66d97,necklaces.online,available,,28,9,,,
5b94e101-e6bf-42c8-a07d-1cf00da2c7fa,necklaces.org,resell,,28,9,GoDaddy Online Services Cayman Islands Ltd.,28/06/2000 07:16,28/06/2028 07:16
6f7c92a1-af41-4448-a90b-9a387e51a481,necklaces.site,available,,28,9,,,
c5703cb9-cf39-4599-8733-06d3a713a631,necklaces.so,available,,28,9,,,
ea7a5a7e-5cfb-46bd-9e7f-92ab734b9a03,necklaces.space,available,,28,9,,,
d12c940c-4ff8-45d8-959f-7f62aa4e7e33,necklaces.store,available,,28,9,,,
c2593e67-7492-4569-951b-65c677c985d5,necklaces.tech,available,,28,9,,,
2999da75-aa1e-406f-8fe5-9bed75291f6e,necklaces.us,resell,,28,9,"GoDaddy.com, LLC",24/04/2002 15:54,23/04/2026 23:59
de1a1e58-0bff-4b0f-bea4-81133f68684d,necklaces.zone,available,,28,9,,,
705e7f54-98c1-4c43-bc9e-2ed27c47d768,maternity.app,expired,64,72,9,Namecamp Limited,05/05/2018 16:00,05/05/2025 16:00
8264096e-98f3-428f-94e9-0e1550e02f96,maternity.at,available,64,72,9,,,
713d14ca-9a17-48bc-b0b8-b803f0f0b6e2,maternity.cloud,available,64,72,9,,,
5115db65-5730-4e82-826f-2718a4e5b296,maternity.co,expiring,64,72,9,Hello Internet Corp.,20/07/2010 18:01,19/07/2025 23:59
a76cbc84-5ce5-4613-bd6f-d4774b15ca90,maternity.dev,available,64,72,9,,,
24b1c6b3-983a-4fa5-a8f7-d4c6712d026b,maternity.expert,available,64,72,9,,,
1d4f273a-6a20-426c-86e2-d525cf15d841,maternity.gg,available,64,72,9,,,
81fc21bf-4e4c-4d33-8e18-edbc3584a057,maternity.it,resell,64,72,9,,16/03/2010 11:00,06/04/2026 00:00
eeb0900c-bdc5-4da5-b529-86882ca62d4c,maternity.me,expiring,64,72,9,Dynadot Inc,17/07/2008 17:11,17/07/2025 17:11
9a8d9235-0809-48d2-9564-9dd67c38a0d8,maternity.ninja,available,64,72,9,,,
fe0c2e05-162a-41c9-a57c-aef1efbfda71,maternity.site,available,64,72,9,,,
e6265b08-9392-4ae5-8bfd-b1f94001b3c2,maternity.so,available,64,72,9,,,
52a0f8d9-3500-471b-a08c-b8c972c866a6,maternity.space,available,64,72,9,,,
bf40ce6f-3bad-4a55-bb44-76d7323c4dac,maternity.store,available,64,72,9,,,
aaddfc11-94e3-4f0c-8c30-d5114e326c5e,maternity.tech,available,64,72,9,,,
9e205d61-46aa-4b1d-89f0-8ad50f8d6cc3,maternity.us,resell,64,72,9,"GoDaddy.com, LLC",03/06/2004 11:27,02/06/2026 23:59
18d88102-2c4c-4871-8956-735811da0e1d,maternity.zone,available,64,72,9,,,
c7f8cd1b-23d0-48dd-9110-dc4e76c54352,petite.ac,available,54,10,6,,,
ccb1ce90-87ab-4d24-a628-849b5192f3ab,petite.academy,available,54,10,6,,,